CNPJ_CIA;DT_REFER;VERSAO;DENOM_CIA;CD_CVM;GRUPO_DFP;MOEDA;ESCALA_MOEDA;ORDEM_EXERC;DT_INI_EXERC;DT_FIM_EXERC;CD_CONTA;DS_CONTA;VL_CONTA
06.981.381/0001-13;2019-03-31;2;CTC - CENTRO DE TECNOLOGIA CANAVIEIRA S.A.;23981;DF Consolidado - Demonstração do Resultado;REAL;MILHAR;PENÚLTIMO;2017-04-01;2018-03-31;3.01;Receita de Venda de Bens e/ou Serviços;0.00
06.981.381/0001-13;2019-03-31;2;CTC - CENTRO DE TECNOLOGIA CANAVIEIRA S.A.;23981;DF Consolidado - Demonstração do Resultado;REAL;MILHAR;ÚLTIMO;2018-04-01;2019-03-31;3.01;Receita de Venda de Bens e/ou Serviços;186731.00
06.981.381/0001-13;2019-03-31;2;CTC - CENTRO DE TECNOLOGIA CANAVIEIRA S.A.;23981;DF Consolidado - Demonstração do Resultado;REAL;MILHAR;PENÚLTIMO;2017-04-01;2018-03-31;3.02;Custo dos Bens e/ou Serviços Vendidos;0.00
06.981.381/0001-13;2019-03-31;2;CTC - CENTRO DE TECNOLOGIA CANAVIEIRA S.A.;23981;DF Consolidado - Demonstração do Resultado;REAL;MILHAR;ÚLTIMO;2018-04-01;2019-03-31;3.02;Custo dos Bens e/ou Serviços Vendidos;-106080.00
06.981.381/0001-13;2019-03-31;2;CTC - CENTRO DE TECNOLOGIA CANAVIEIRA S.A.;23981;DF Consolidado - Demonstração do Resultado;REAL;MILHAR;PENÚLTIMO;2017-04-01;2018-03-31;3.03;Resultado Bruto;0.00
06.981.381/0001-13;2019-03-31;2;CTC - CENTRO DE TECNOLOGIA CANAVIEIRA S.A.;23981;DF Consolidado - Demonstração do Resultado;REAL;MILHAR;ÚLTIMO;2018-04-01;2019-03-31;3.03;Resultado Bruto;80651.00
06.981.381/0001-13;2019-03-31;2;CTC - CENTRO DE TECNOLOGIA CANAVIEIRA S.A.;23981;DF Consolidado - Demonstração do Resultado;REAL;MILHAR;PENÚLTIMO;2017-04-01;2018-03-31;3.04;Despesas/Receitas Operacionais;0.00
06.981.381/0001-13;2019-03-31;2;CTC - CENTRO DE TECNOLOGIA CANAVIEIRA S.A.;23981;DF Consolidado - Demonstração do Resultado;REAL;MILHAR;ÚLTIMO;2018-04-01;2019-03-31;3.04;Despesas/Receitas Operacionais;-57671.00
06.981.381/0001-13;2019-03-31;2;CTC - CENTRO DE TECNOLOGIA CANAVIEIRA S.A.;23981;DF Consolidado - Demonstração do Resultado;REAL;MILHAR;PENÚLTIMO;2017-04-01;2018-03-31;3.04.01;Despesas com Vendas;0.00
06.981.381/0001-13;2019-03-31;2;CTC - CENTRO DE TECNOLOGIA CANAVIEIRA S.A.;23981;DF Consolidado - Demonstração do Resultado;REAL;MILHAR;ÚLTIMO;2018-04-01;2019-03-31;3.04.01;Despesas com Vendas;0.00
06.981.381/0001-13;2019-03-31;2;CTC - CENTRO DE TECNOLOGIA CANAVIEIRA S.A.;23981;DF Consolidado - Demonstração do Resultado;REAL;MILHAR;PENÚLTIMO;2017-04-01;2018-03-31;3.04.02;Despesas Gerais e Administrativas;0.00
06.981.381/0001-13;2019-03-31;2;CTC - CENTRO DE TECNOLOGIA CANAVIEIRA S.A.;23981;DF Consolidado - Demonstração do Resultado;REAL;MILHAR;ÚLTIMO;2018-04-01;2019-03-31;3.04.02;Despesas Gerais e Administrativas;-57141.00
06.981.381/0001-13;2019-03-31;2;CTC - CENTRO DE TECNOLOGIA CANAVIEIRA S.A.;23981;DF Consolidado - Demonstração do Resultado;REAL;MILHAR;PENÚLTIMO;2017-04-01;2018-03-31;3.04.03;Perdas pela Não Recuperabilidade de Ativos;0.00
06.981.381/0001-13;2019-03-31;2;CTC - CENTRO DE TECNOLOGIA CANAVIEIRA S.A.;23981;DF Consolidado - Demonstração do Resultado;REAL;MILHAR;ÚLTIMO;2018-04-01;2019-03-31;3.04.03;Perdas pela Não Recuperabilidade de Ativos;0.00
06.981.381/0001-13;2019-03-31;2;CTC - CENTRO DE TECNOLOGIA CANAVIEIRA S.A.;23981;DF Consolidado - Demonstração do Resultado;REAL;MILHAR;PENÚLTIMO;2017-04-01;2018-03-31;3.04.04;Outras Receitas Operacionais;0.00
06.981.381/0001-13;2019-03-31;2;CTC - CENTRO DE TECNOLOGIA CANAVIEIRA S.A.;23981;DF Consolidado - Demonstração do Resultado;REAL;MILHAR;ÚLTIMO;2018-04-01;2019-03-31;3.04.04;Outras Receitas Operacionais;0.00
06.981.381/0001-13;2019-03-31;2;CTC - CENTRO DE TECNOLOGIA CANAVIEIRA S.A.;23981;DF Consolidado - Demonstração do Resultado;REAL;MILHAR;PENÚLTIMO;2017-04-01;2018-03-31;3.04.05;Outras Despesas Operacionais;0.00
06.981.381/0001-13;2019-03-31;2;CTC - CENTRO DE TECNOLOGIA CANAVIEIRA S.A.;23981;DF Consolidado - Demonstração do Resultado;REAL;MILHAR;ÚLTIMO;2018-04-01;2019-03-31;3.04.05;Outras Despesas Operacionais;-530.00
06.981.381/0001-13;2019-03-31;2;CTC - CENTRO DE TECNOLOGIA CANAVIEIRA S.A.;23981;DF Consolidado - Demonstração do Resultado;REAL;MILHAR;PENÚLTIMO;2017-04-01;2018-03-31;3.04.06;Resultado de Equivalência Patrimonial;0.00
06.981.381/0001-13;2019-03-31;2;CTC - CENTRO DE TECNOLOGIA CANAVIEIRA S.A.;23981;DF Consolidado - Demonstração do Resultado;REAL;MILHAR;ÚLTIMO;2018-04-01;2019-03-31;3.04.06;Resultado de Equivalência Patrimonial;0.00
06.981.381/0001-13;2019-03-31;2;CTC - CENTRO DE TECNOLOGIA CANAVIEIRA S.A.;23981;DF Consolidado - Demonstração do Resultado;REAL;MILHAR;PENÚLTIMO;2017-04-01;2018-03-31;3.05;Resultado Antes do Resultado Financeiro e dos Tributos;0.00
06.981.381/0001-13;2019-03-31;2;CTC - CENTRO DE TECNOLOGIA CANAVIEIRA S.A.;23981;DF Consolidado - Demonstração do Resultado;REAL;MILHAR;ÚLTIMO;2018-04-01;2019-03-31;3.05;Resultado Antes do Resultado Financeiro e dos Tributos;22980.00
06.981.381/0001-13;2019-03-31;2;CTC - CENTRO DE TECNOLOGIA CANAVIEIRA S.A.;23981;DF Consolidado - Demonstração do Resultado;REAL;MILHAR;PENÚLTIMO;2017-04-01;2018-03-31;3.06;Resultado Financeiro;0.00
06.981.381/0001-13;2019-03-31;2;CTC - CENTRO DE TECNOLOGIA CANAVIEIRA S.A.;23981;DF Consolidado - Demonstração do Resultado;REAL;MILHAR;ÚLTIMO;2018-04-01;2019-03-31;3.06;Resultado Financeiro;8447.00
06.981.381/0001-13;2019-03-31;2;CTC - CENTRO DE TECNOLOGIA CANAVIEIRA S.A.;23981;DF Consolidado - Demonstração do Resultado;REAL;MILHAR;PENÚLTIMO;2017-04-01;2018-03-31;3.06.01;Receitas Financeiras;0.00
06.981.381/0001-13;2019-03-31;2;CTC - CENTRO DE TECNOLOGIA CANAVIEIRA S.A.;23981;DF Consolidado - Demonstração do Resultado;REAL;MILHAR;ÚLTIMO;2018-04-01;2019-03-31;3.06.01;Receitas Financeiras;19761.00
06.981.381/0001-13;2019-03-31;2;CTC - CENTRO DE TECNOLOGIA CANAVIEIRA S.A.;23981;DF Consolidado - Demonstração do Resultado;REAL;MILHAR;PENÚLTIMO;2017-04-01;2018-03-31;3.06.02;Despesas Financeiras;0.00
06.981.381/0001-13;2019-03-31;2;CTC - CENTRO DE TECNOLOGIA CANAVIEIRA S.A.;23981;DF Consolidado - Demonstração do Resultado;REAL;MILHAR;ÚLTIMO;2018-04-01;2019-03-31;3.06.02;Despesas Financeiras;-11314.00
06.981.381/0001-13;2019-03-31;2;CTC - CENTRO DE TECNOLOGIA CANAVIEIRA S.A.;23981;DF Consolidado - Demonstração do Resultado;REAL;MILHAR;PENÚLTIMO;2017-04-01;2018-03-31;3.07;Resultado Antes dos Tributos sobre o Lucro;0.00
06.981.381/0001-13;2019-03-31;2;CTC - CENTRO DE TECNOLOGIA CANAVIEIRA S.A.;23981;DF Consolidado - Demonstração do Resultado;REAL;MILHAR;ÚLTIMO;2018-04-01;2019-03-31;3.07;Resultado Antes dos Tributos sobre o Lucro;31427.00
06.981.381/0001-13;2019-03-31;2;CTC - CENTRO DE TECNOLOGIA CANAVIEIRA S.A.;23981;DF Consolidado - Demonstração do Resultado;REAL;MILHAR;PENÚLTIMO;2017-04-01;2018-03-31;3.08;Imposto de Renda e Contribuição Social sobre o Lucro;0.00
06.981.381/0001-13;2019-03-31;2;CTC - CENTRO DE TECNOLOGIA CANAVIEIRA S.A.;23981;DF Consolidado - Demonstração do Resultado;REAL;MILHAR;ÚLTIMO;2018-04-01;2019-03-31;3.08;Imposto de Renda e Contribuição Social sobre o Lucro;-7830.00
06.981.381/0001-13;2019-03-31;2;CTC - CENTRO DE TECNOLOGIA CANAVIEIRA S.A.;23981;DF Consolidado - Demonstração do Resultado;REAL;MILHAR;PENÚLTIMO;2017-04-01;2018-03-31;3.08.01;Corrente;0.00
06.981.381/0001-13;2019-03-31;2;CTC - CENTRO DE TECNOLOGIA CANAVIEIRA S.A.;23981;DF Consolidado - Demonstração do Resultado;REAL;MILHAR;ÚLTIMO;2018-04-01;2019-03-31;3.08.01;Corrente;-12667.00
06.981.381/0001-13;2019-03-31;2;CTC - CENTRO DE TECNOLOGIA CANAVIEIRA S.A.;23981;DF Consolidado - Demonstração do Resultado;REAL;MILHAR;PENÚLTIMO;2017-04-01;2018-03-31;3.08.02;Diferido;0.00
06.981.381/0001-13;2019-03-31;2;CTC - CENTRO DE TECNOLOGIA CANAVIEIRA S.A.;23981;DF Consolidado - Demonstração do Resultado;REAL;MILHAR;ÚLTIMO;2018-04-01;2019-03-31;3.08.02;Diferido;4837.00
06.981.381/0001-13;2019-03-31;2;CTC - CENTRO DE TECNOLOGIA CANAVIEIRA S.A.;23981;DF Consolidado - Demonstração do Resultado;REAL;MILHAR;PENÚLTIMO;2017-04-01;2018-03-31;3.09;Resultado Líquido das Operações Continuadas;0.00
06.981.381/0001-13;2019-03-31;2;CTC - CENTRO DE TECNOLOGIA CANAVIEIRA S.A.;23981;DF Consolidado - Demonstração do Resultado;REAL;MILHAR;ÚLTIMO;2018-04-01;2019-03-31;3.09;Resultado Líquido das Operações Continuadas;23597.00
06.981.381/0001-13;2019-03-31;2;CTC - CENTRO DE TECNOLOGIA CANAVIEIRA S.A.;23981;DF Consolidado - Demonstração do Resultado;REAL;MILHAR;PENÚLTIMO;2017-04-01;2018-03-31;3.10;Resultado Líquido de Operações Descontinuadas;0.00
06.981.381/0001-13;2019-03-31;2;CTC - CENTRO DE TECNOLOGIA CANAVIEIRA S.A.;23981;DF Consolidado - Demonstração do Resultado;REAL;MILHAR;ÚLTIMO;2018-04-01;2019-03-31;3.10;Resultado Líquido de Operações Descontinuadas;0.00
06.981.381/0001-13;2019-03-31;2;CTC - CENTRO DE TECNOLOGIA CANAVIEIRA S.A.;23981;DF Consolidado - Demonstração do Resultado;REAL;MILHAR;PENÚLTIMO;2017-04-01;2018-03-31;3.10.01;Lucro/Prejuízo Líquido das Operações Descontinuadas;0.00
06.981.381/0001-13;2019-03-31;2;CTC - CENTRO DE TECNOLOGIA CANAVIEIRA S.A.;23981;DF Consolidado - Demonstração do Resultado;REAL;MILHAR;ÚLTIMO;2018-04-01;2019-03-31;3.10.01;Lucro/Prejuízo Líquido das Operações Descontinuadas;0.00
06.981.381/0001-13;2019-03-31;2;CTC - CENTRO DE TECNOLOGIA CANAVIEIRA S.A.;23981;DF Consolidado - Demonstração do Resultado;REAL;MILHAR;PENÚLTIMO;2017-04-01;2018-03-31;3.10.02;Ganhos/Perdas Líquidas sobre Ativos de Operações Descontinuadas;0.00
06.981.381/0001-13;2019-03-31;2;CTC - CENTRO DE TECNOLOGIA CANAVIEIRA S.A.;23981;DF Consolidado - Demonstração do Resultado;REAL;MILHAR;ÚLTIMO;2018-04-01;2019-03-31;3.10.02;Ganhos/Perdas Líquidas sobre Ativos de Operações Descontinuadas;0.00
06.981.381/0001-13;2019-03-31;2;CTC - CENTRO DE TECNOLOGIA CANAVIEIRA S.A.;23981;DF Consolidado - Demonstração do Resultado;REAL;MILHAR;PENÚLTIMO;2017-04-01;2018-03-31;3.11;Lucro/Prejuízo Consolidado do Período;0.00
06.981.381/0001-13;2019-03-31;2;CTC - CENTRO DE TECNOLOGIA CANAVIEIRA S.A.;23981;DF Consolidado - Demonstração do Resultado;REAL;MILHAR;ÚLTIMO;2018-04-01;2019-03-31;3.11;Lucro/Prejuízo Consolidado do Período;23597.00
06.981.381/0001-13;2019-03-31;2;CTC - CENTRO DE TECNOLOGIA CANAVIEIRA S.A.;23981;DF Consolidado - Demonstração do Resultado;REAL;MILHAR;PENÚLTIMO;2017-04-01;2018-03-31;3.11.01;Atribuído a Sócios da Empresa Controladora;0.00
06.981.381/0001-13;2019-03-31;2;CTC - CENTRO DE TECNOLOGIA CANAVIEIRA S.A.;23981;DF Consolidado - Demonstração do Resultado;REAL;MILHAR;ÚLTIMO;2018-04-01;2019-03-31;3.11.01;Atribuído a Sócios da Empresa Controladora;23597.00
06.981.381/0001-13;2019-03-31;2;CTC - CENTRO DE TECNOLOGIA CANAVIEIRA S.A.;23981;DF Consolidado - Demonstração do Resultado;REAL;MILHAR;PENÚLTIMO;2017-04-01;2018-03-31;3.11.02;Atribuído a Sócios Não Controladores;0.00
06.981.381/0001-13;2019-03-31;2;CTC - CENTRO DE TECNOLOGIA CANAVIEIRA S.A.;23981;DF Consolidado - Demonstração do Resultado;REAL;MILHAR;ÚLTIMO;2018-04-01;2019-03-31;3.11.02;Atribuído a Sócios Não Controladores;0.00
07.628.528/0001-59;2019-06-30;1;BRASILAGRO - CIA BRAS DE PROP AGRICOLAS;20036;DF Consolidado - Demonstração do Resultado;REAL;MILHAR;PENÚLTIMO;2017-07-01;2018-06-30;3.01;Receita de Venda de Bens e/ou Serviços;384061.00
07.628.528/0001-59;2019-06-30;1;BRASILAGRO - CIA BRAS DE PROP AGRICOLAS;20036;DF Consolidado - Demonstração do Resultado;REAL;MILHAR;ÚLTIMO;2018-07-01;2019-06-30;3.01;Receita de Venda de Bens e/ou Serviços;555400.00
07.628.528/0001-59;2019-06-30;1;BRASILAGRO - CIA BRAS DE PROP AGRICOLAS;20036;DF Consolidado - Demonstração do Resultado;REAL;MILHAR;PENÚLTIMO;2017-07-01;2018-06-30;3.02;Custo dos Bens e/ou Serviços Vendidos;-228319.00
07.628.528/0001-59;2019-06-30;1;BRASILAGRO - CIA BRAS DE PROP AGRICOLAS;20036;DF Consolidado - Demonstração do Resultado;REAL;MILHAR;ÚLTIMO;2018-07-01;2019-06-30;3.02;Custo dos Bens e/ou Serviços Vendidos;-319214.00
07.628.528/0001-59;2019-06-30;1;BRASILAGRO - CIA BRAS DE PROP AGRICOLAS;20036;DF Consolidado - Demonstração do Resultado;REAL;MILHAR;PENÚLTIMO;2017-07-01;2018-06-30;3.03;Resultado Bruto;155742.00
07.628.528/0001-59;2019-06-30;1;BRASILAGRO - CIA BRAS DE PROP AGRICOLAS;20036;DF Consolidado - Demonstração do Resultado;REAL;MILHAR;ÚLTIMO;2018-07-01;2019-06-30;3.03;Resultado Bruto;236186.00
07.628.528/0001-59;2019-06-30;1;BRASILAGRO - CIA BRAS DE PROP AGRICOLAS;20036;DF Consolidado - Demonstração do Resultado;REAL;MILHAR;PENÚLTIMO;2017-07-01;2018-06-30;3.04;Despesas/Receitas Operacionais;5071.00
07.628.528/0001-59;2019-06-30;1;BRASILAGRO - CIA BRAS DE PROP AGRICOLAS;20036;DF Consolidado - Demonstração do Resultado;REAL;MILHAR;ÚLTIMO;2018-07-01;2019-06-30;3.04;Despesas/Receitas Operacionais;-49310.00
07.628.528/0001-59;2019-06-30;1;BRASILAGRO - CIA BRAS DE PROP AGRICOLAS;20036;DF Consolidado - Demonstração do Resultado;REAL;MILHAR;PENÚLTIMO;2017-07-01;2018-06-30;3.04.01;Despesas com Vendas;-10087.00
07.628.528/0001-59;2019-06-30;1;BRASILAGRO - CIA BRAS DE PROP AGRICOLAS;20036;DF Consolidado - Demonstração do Resultado;REAL;MILHAR;ÚLTIMO;2018-07-01;2019-06-30;3.04.01;Despesas com Vendas;-10536.00
07.628.528/0001-59;2019-06-30;1;BRASILAGRO - CIA BRAS DE PROP AGRICOLAS;20036;DF Consolidado - Demonstração do Resultado;REAL;MILHAR;PENÚLTIMO;2017-07-01;2018-06-30;3.04.02;Despesas Gerais e Administrativas;-34945.00
07.628.528/0001-59;2019-06-30;1;BRASILAGRO - CIA BRAS DE PROP AGRICOLAS;20036;DF Consolidado - Demonstração do Resultado;REAL;MILHAR;ÚLTIMO;2018-07-01;2019-06-30;3.04.02;Despesas Gerais e Administrativas;-38812.00
07.628.528/0001-59;2019-06-30;1;BRASILAGRO - CIA BRAS DE PROP AGRICOLAS;20036;DF Consolidado - Demonstração do Resultado;REAL;MILHAR;PENÚLTIMO;2017-07-01;2018-06-30;3.04.03;Perdas pela Não Recuperabilidade de Ativos;0.00
07.628.528/0001-59;2019-06-30;1;BRASILAGRO - CIA BRAS DE PROP AGRICOLAS;20036;DF Consolidado - Demonstração do Resultado;REAL;MILHAR;ÚLTIMO;2018-07-01;2019-06-30;3.04.03;Perdas pela Não Recuperabilidade de Ativos;0.00
07.628.528/0001-59;2019-06-30;1;BRASILAGRO - CIA BRAS DE PROP AGRICOLAS;20036;DF Consolidado - Demonstração do Resultado;REAL;MILHAR;PENÚLTIMO;2017-07-01;2018-06-30;3.04.04;Outras Receitas Operacionais;0.00
07.628.528/0001-59;2019-06-30;1;BRASILAGRO - CIA BRAS DE PROP AGRICOLAS;20036;DF Consolidado - Demonstração do Resultado;REAL;MILHAR;ÚLTIMO;2018-07-01;2019-06-30;3.04.04;Outras Receitas Operacionais;0.00
07.628.528/0001-59;2019-06-30;1;BRASILAGRO - CIA BRAS DE PROP AGRICOLAS;20036;DF Consolidado - Demonstração do Resultado;REAL;MILHAR;PENÚLTIMO;2017-07-01;2018-06-30;3.04.05;Outras Despesas Operacionais;35432.00
07.628.528/0001-59;2019-06-30;1;BRASILAGRO - CIA BRAS DE PROP AGRICOLAS;20036;DF Consolidado - Demonstração do Resultado;REAL;MILHAR;ÚLTIMO;2018-07-01;2019-06-30;3.04.05;Outras Despesas Operacionais;-1064.00
07.628.528/0001-59;2019-06-30;1;BRASILAGRO - CIA BRAS DE PROP AGRICOLAS;20036;DF Consolidado - Demonstração do Resultado;REAL;MILHAR;PENÚLTIMO;2017-07-01;2018-06-30;3.04.06;Resultado de Equivalência Patrimonial;14671.00
07.628.528/0001-59;2019-06-30;1;BRASILAGRO - CIA BRAS DE PROP AGRICOLAS;20036;DF Consolidado - Demonstração do Resultado;REAL;MILHAR;ÚLTIMO;2018-07-01;2019-06-30;3.04.06;Resultado de Equivalência Patrimonial;1102.00
07.628.528/0001-59;2019-06-30;1;BRASILAGRO - CIA BRAS DE PROP AGRICOLAS;20036;DF Consolidado - Demonstração do Resultado;REAL;MILHAR;PENÚLTIMO;2017-07-01;2018-06-30;3.05;Resultado Antes do Resultado Financeiro e dos Tributos;160813.00
07.628.528/0001-59;2019-06-30;1;BRASILAGRO - CIA BRAS DE PROP AGRICOLAS;20036;DF Consolidado - Demonstração do Resultado;REAL;MILHAR;ÚLTIMO;2018-07-01;2019-06-30;3.05;Resultado Antes do Resultado Financeiro e dos Tributos;186876.00
07.628.528/0001-59;2019-06-30;1;BRASILAGRO - CIA BRAS DE PROP AGRICOLAS;20036;DF Consolidado - Demonstração do Resultado;REAL;MILHAR;PENÚLTIMO;2017-07-01;2018-06-30;3.06;Resultado Financeiro;-8556.00
07.628.528/0001-59;2019-06-30;1;BRASILAGRO - CIA BRAS DE PROP AGRICOLAS;20036;DF Consolidado - Demonstração do Resultado;REAL;MILHAR;ÚLTIMO;2018-07-01;2019-06-30;3.06;Resultado Financeiro;12922.00
07.628.528/0001-59;2019-06-30;1;BRASILAGRO - CIA BRAS DE PROP AGRICOLAS;20036;DF Consolidado - Demonstração do Resultado;REAL;MILHAR;PENÚLTIMO;2017-07-01;2018-06-30;3.06.01;Receitas Financeiras;129323.00
07.628.528/0001-59;2019-06-30;1;BRASILAGRO - CIA BRAS DE PROP AGRICOLAS;20036;DF Consolidado - Demonstração do Resultado;REAL;MILHAR;ÚLTIMO;2018-07-01;2019-06-30;3.06.01;Receitas Financeiras;310538.00
07.628.528/0001-59;2019-06-30;1;BRASILAGRO - CIA BRAS DE PROP AGRICOLAS;20036;DF Consolidado - Demonstração do Resultado;REAL;MILHAR;PENÚLTIMO;2017-07-01;2018-06-30;3.06.02;Despesas Financeiras;-137879.00
07.628.528/0001-59;2019-06-30;1;BRASILAGRO - CIA BRAS DE PROP AGRICOLAS;20036;DF Consolidado - Demonstração do Resultado;REAL;MILHAR;ÚLTIMO;2018-07-01;2019-06-30;3.06.02;Despesas Financeiras;-297616.00
07.628.528/0001-59;2019-06-30;1;BRASILAGRO - CIA BRAS DE PROP AGRICOLAS;20036;DF Consolidado - Demonstração do Resultado;REAL;MILHAR;PENÚLTIMO;2017-07-01;2018-06-30;3.07;Resultado Antes dos Tributos sobre o Lucro;152257.00
07.628.528/0001-59;2019-06-30;1;BRASILAGRO - CIA BRAS DE PROP AGRICOLAS;20036;DF Consolidado - Demonstração do Resultado;REAL;MILHAR;ÚLTIMO;2018-07-01;2019-06-30;3.07;Resultado Antes dos Tributos sobre o Lucro;199798.00
07.628.528/0001-59;2019-06-30;1;BRASILAGRO - CIA BRAS DE PROP AGRICOLAS;20036;DF Consolidado - Demonstração do Resultado;REAL;MILHAR;PENÚLTIMO;2017-07-01;2018-06-30;3.08;Imposto de Renda e Contribuição Social sobre o Lucro;-25919.00
07.628.528/0001-59;2019-06-30;1;BRASILAGRO - CIA BRAS DE PROP AGRICOLAS;20036;DF Consolidado - Demonstração do Resultado;REAL;MILHAR;ÚLTIMO;2018-07-01;2019-06-30;3.08;Imposto de Renda e Contribuição Social sobre o Lucro;-22719.00
07.628.528/0001-59;2019-06-30;1;BRASILAGRO - CIA BRAS DE PROP AGRICOLAS;20036;DF Consolidado - Demonstração do Resultado;REAL;MILHAR;PENÚLTIMO;2017-07-01;2018-06-30;3.08.01;Corrente;-25919.00
07.628.528/0001-59;2019-06-30;1;BRASILAGRO - CIA BRAS DE PROP AGRICOLAS;20036;DF Consolidado - Demonstração do Resultado;REAL;MILHAR;ÚLTIMO;2018-07-01;2019-06-30;3.08.01;Corrente;-22719.00
07.628.528/0001-59;2019-06-30;1;BRASILAGRO - CIA BRAS DE PROP AGRICOLAS;20036;DF Consolidado - Demonstração do Resultado;REAL;MILHAR;PENÚLTIMO;2017-07-01;2018-06-30;3.08.02;Diferido;0.00
07.628.528/0001-59;2019-06-30;1;BRASILAGRO - CIA BRAS DE PROP AGRICOLAS;20036;DF Consolidado - Demonstração do Resultado;REAL;MILHAR;ÚLTIMO;2018-07-01;2019-06-30;3.08.02;Diferido;0.00
07.628.528/0001-59;2019-06-30;1;BRASILAGRO - CIA BRAS DE PROP AGRICOLAS;20036;DF Consolidado - Demonstração do Resultado;REAL;MILHAR;PENÚLTIMO;2017-07-01;2018-06-30;3.09;Resultado Líquido das Operações Continuadas;126338.00
07.628.528/0001-59;2019-06-30;1;BRASILAGRO - CIA BRAS DE PROP AGRICOLAS;20036;DF Consolidado - Demonstração do Resultado;REAL;MILHAR;ÚLTIMO;2018-07-01;2019-06-30;3.09;Resultado Líquido das Operações Continuadas;177079.00
07.628.528/0001-59;2019-06-30;1;BRASILAGRO - CIA BRAS DE PROP AGRICOLAS;20036;DF Consolidado - Demonstração do Resultado;REAL;MILHAR;PENÚLTIMO;2017-07-01;2018-06-30;3.10;Resultado Líquido de Operações Descontinuadas;0.00
07.628.528/0001-59;2019-06-30;1;BRASILAGRO - CIA BRAS DE PROP AGRICOLAS;20036;DF Consolidado - Demonstração do Resultado;REAL;MILHAR;ÚLTIMO;2018-07-01;2019-06-30;3.10;Resultado Líquido de Operações Descontinuadas;0.00
07.628.528/0001-59;2019-06-30;1;BRASILAGRO - CIA BRAS DE PROP AGRICOLAS;20036;DF Consolidado - Demonstração do Resultado;REAL;MILHAR;PENÚLTIMO;2017-07-01;2018-06-30;3.10.01;Lucro/Prejuízo Líquido das Operações Descontinuadas;0.00
07.628.528/0001-59;2019-06-30;1;BRASILAGRO - CIA BRAS DE PROP AGRICOLAS;20036;DF Consolidado - Demonstração do Resultado;REAL;MILHAR;ÚLTIMO;2018-07-01;2019-06-30;3.10.01;Lucro/Prejuízo Líquido das Operações Descontinuadas;0.00
07.628.528/0001-59;2019-06-30;1;BRASILAGRO - CIA BRAS DE PROP AGRICOLAS;20036;DF Consolidado - Demonstração do Resultado;REAL;MILHAR;PENÚLTIMO;2017-07-01;2018-06-30;3.10.02;Ganhos/Perdas Líquidas sobre Ativos de Operações Descontinuadas;0.00
07.628.528/0001-59;2019-06-30;1;BRASILAGRO - CIA BRAS DE PROP AGRICOLAS;20036;DF Consolidado - Demonstração do Resultado;REAL;MILHAR;ÚLTIMO;2018-07-01;2019-06-30;3.10.02;Ganhos/Perdas Líquidas sobre Ativos de Operações Descontinuadas;0.00
07.628.528/0001-59;2019-06-30;1;BRASILAGRO - CIA BRAS DE PROP AGRICOLAS;20036;DF Consolidado - Demonstração do Resultado;REAL;MILHAR;PENÚLTIMO;2017-07-01;2018-06-30;3.11;Lucro/Prejuízo Consolidado do Período;126338.00
07.628.528/0001-59;2019-06-30;1;BRASILAGRO - CIA BRAS DE PROP AGRICOLAS;20036;DF Consolidado - Demonstração do Resultado;REAL;MILHAR;ÚLTIMO;2018-07-01;2019-06-30;3.11;Lucro/Prejuízo Consolidado do Período;177079.00
07.628.528/0001-59;2019-06-30;1;BRASILAGRO - CIA BRAS DE PROP AGRICOLAS;20036;DF Consolidado - Demonstração do Resultado;REAL;MILHAR;PENÚLTIMO;2017-07-01;2018-06-30;3.11.01;Atribuído a Sócios da Empresa Controladora;126338.00
07.628.528/0001-59;2019-06-30;1;BRASILAGRO - CIA BRAS DE PROP AGRICOLAS;20036;DF Consolidado - Demonstração do Resultado;REAL;MILHAR;ÚLTIMO;2018-07-01;2019-06-30;3.11.01;Atribuído a Sócios da Empresa Controladora;177079.00
07.628.528/0001-59;2019-06-30;1;BRASILAGRO - CIA BRAS DE PROP AGRICOLAS;20036;DF Consolidado - Demonstração do Resultado;REAL;MILHAR;PENÚLTIMO;2017-07-01;2018-06-30;3.11.02;Atribuído a Sócios Não Controladores;0.00
07.628.528/0001-59;2019-06-30;1;BRASILAGRO - CIA BRAS DE PROP AGRICOLAS;20036;DF Consolidado - Demonstração do Resultado;REAL;MILHAR;ÚLTIMO;2018-07-01;2019-06-30;3.11.02;Atribuído a Sócios Não Controladores;0.00
08.070.508/0001-78;2019-03-31;1;RAIZEN ENERGIA S.A.;23230;DF Consolidado - Demonstração do Resultado;REAL;MILHAR;PENÚLTIMO;2017-04-01;2018-03-31;3.01;Receita de Venda de Bens e/ou Serviços;14752380.00
08.070.508/0001-78;2019-03-31;1;RAIZEN ENERGIA S.A.;23230;DF Consolidado - Demonstração do Resultado;REAL;MILHAR;ÚLTIMO;2018-04-01;2019-03-31;3.01;Receita de Venda de Bens e/ou Serviços;22405637.00
08.070.508/0001-78;2019-03-31;1;RAIZEN ENERGIA S.A.;23230;DF Consolidado - Demonstração do Resultado;REAL;MILHAR;PENÚLTIMO;2017-04-01;2018-03-31;3.02;Custo dos Bens e/ou Serviços Vendidos;-12474167.00
08.070.508/0001-78;2019-03-31;1;RAIZEN ENERGIA S.A.;23230;DF Consolidado - Demonstração do Resultado;REAL;MILHAR;ÚLTIMO;2018-04-01;2019-03-31;3.02;Custo dos Bens e/ou Serviços Vendidos;-20711290.00
08.070.508/0001-78;2019-03-31;1;RAIZEN ENERGIA S.A.;23230;DF Consolidado - Demonstração do Resultado;REAL;MILHAR;PENÚLTIMO;2017-04-01;2018-03-31;3.03;Resultado Bruto;2278213.00
08.070.508/0001-78;2019-03-31;1;RAIZEN ENERGIA S.A.;23230;DF Consolidado - Demonstração do Resultado;REAL;MILHAR;ÚLTIMO;2018-04-01;2019-03-31;3.03;Resultado Bruto;1694347.00
08.070.508/0001-78;2019-03-31;1;RAIZEN ENERGIA S.A.;23230;DF Consolidado - Demonstração do Resultado;REAL;MILHAR;PENÚLTIMO;2017-04-01;2018-03-31;3.04;Despesas/Receitas Operacionais;-1327278.00
08.070.508/0001-78;2019-03-31;1;RAIZEN ENERGIA S.A.;23230;DF Consolidado - Demonstração do Resultado;REAL;MILHAR;ÚLTIMO;2018-04-01;2019-03-31;3.04;Despesas/Receitas Operacionais;-867148.00
08.070.508/0001-78;2019-03-31;1;RAIZEN ENERGIA S.A.;23230;DF Consolidado - Demonstração do Resultado;REAL;MILHAR;PENÚLTIMO;2017-04-01;2018-03-31;3.04.01;Despesas com Vendas;-813950.00
08.070.508/0001-78;2019-03-31;1;RAIZEN ENERGIA S.A.;23230;DF Consolidado - Demonstração do Resultado;REAL;MILHAR;ÚLTIMO;2018-04-01;2019-03-31;3.04.01;Despesas com Vendas;-849198.00
08.070.508/0001-78;2019-03-31;1;RAIZEN ENERGIA S.A.;23230;DF Consolidado - Demonstração do Resultado;REAL;MILHAR;PENÚLTIMO;2017-04-01;2018-03-31;3.04.02;Despesas Gerais e Administrativas;-620409.00
08.070.508/0001-78;2019-03-31;1;RAIZEN ENERGIA S.A.;23230;DF Consolidado - Demonstração do Resultado;REAL;MILHAR;ÚLTIMO;2018-04-01;2019-03-31;3.04.02;Despesas Gerais e Administrativas;-593416.00
08.070.508/0001-78;2019-03-31;1;RAIZEN ENERGIA S.A.;23230;DF Consolidado - Demonstração do Resultado;REAL;MILHAR;PENÚLTIMO;2017-04-01;2018-03-31;3.04.03;Perdas pela Não Recuperabilidade de Ativos;0.00
08.070.508/0001-78;2019-03-31;1;RAIZEN ENERGIA S.A.;23230;DF Consolidado - Demonstração do Resultado;REAL;MILHAR;ÚLTIMO;2018-04-01;2019-03-31;3.04.03;Perdas pela Não Recuperabilidade de Ativos;0.00
08.070.508/0001-78;2019-03-31;1;RAIZEN ENERGIA S.A.;23230;DF Consolidado - Demonstração do Resultado;REAL;MILHAR;PENÚLTIMO;2017-04-01;2018-03-31;3.04.04;Outras Receitas Operacionais;128504.00
08.070.508/0001-78;2019-03-31;1;RAIZEN ENERGIA S.A.;23230;DF Consolidado - Demonstração do Resultado;REAL;MILHAR;ÚLTIMO;2018-04-01;2019-03-31;3.04.04;Outras Receitas Operacionais;544481.00
08.070.508/0001-78;2019-03-31;1;RAIZEN ENERGIA S.A.;23230;DF Consolidado - Demonstração do Resultado;REAL;MILHAR;PENÚLTIMO;2017-04-01;2018-03-31;3.04.05;Outras Despesas Operacionais;0.00
08.070.508/0001-78;2019-03-31;1;RAIZEN ENERGIA S.A.;23230;DF Consolidado - Demonstração do Resultado;REAL;MILHAR;ÚLTIMO;2018-04-01;2019-03-31;3.04.05;Outras Despesas Operacionais;0.00
08.070.508/0001-78;2019-03-31;1;RAIZEN ENERGIA S.A.;23230;DF Consolidado - Demonstração do Resultado;REAL;MILHAR;PENÚLTIMO;2017-04-01;2018-03-31;3.04.06;Resultado de Equivalência Patrimonial;-21423.00
08.070.508/0001-78;2019-03-31;1;RAIZEN ENERGIA S.A.;23230;DF Consolidado - Demonstração do Resultado;REAL;MILHAR;ÚLTIMO;2018-04-01;2019-03-31;3.04.06;Resultado de Equivalência Patrimonial;30985.00
08.070.508/0001-78;2019-03-31;1;RAIZEN ENERGIA S.A.;23230;DF Consolidado - Demonstração do Resultado;REAL;MILHAR;PENÚLTIMO;2017-04-01;2018-03-31;3.05;Resultado Antes do Resultado Financeiro e dos Tributos;950935.00
08.070.508/0001-78;2019-03-31;1;RAIZEN ENERGIA S.A.;23230;DF Consolidado - Demonstração do Resultado;REAL;MILHAR;ÚLTIMO;2018-04-01;2019-03-31;3.05;Resultado Antes do Resultado Financeiro e dos Tributos;827199.00
08.070.508/0001-78;2019-03-31;1;RAIZEN ENERGIA S.A.;23230;DF Consolidado - Demonstração do Resultado;REAL;MILHAR;PENÚLTIMO;2017-04-01;2018-03-31;3.06;Resultado Financeiro;-163141.00
08.070.508/0001-78;2019-03-31;1;RAIZEN ENERGIA S.A.;23230;DF Consolidado - Demonstração do Resultado;REAL;MILHAR;ÚLTIMO;2018-04-01;2019-03-31;3.06;Resultado Financeiro;-348278.00
08.070.508/0001-78;2019-03-31;1;RAIZEN ENERGIA S.A.;23230;DF Consolidado - Demonstração do Resultado;REAL;MILHAR;PENÚLTIMO;2017-04-01;2018-03-31;3.06.01;Receitas Financeiras;735757.00
08.070.508/0001-78;2019-03-31;1;RAIZEN ENERGIA S.A.;23230;DF Consolidado - Demonstração do Resultado;REAL;MILHAR;ÚLTIMO;2018-04-01;2019-03-31;3.06.01;Receitas Financeiras;719032.00
08.070.508/0001-78;2019-03-31;1;RAIZEN ENERGIA S.A.;23230;DF Consolidado - Demonstração do Resultado;REAL;MILHAR;PENÚLTIMO;2017-04-01;2018-03-31;3.06.02;Despesas Financeiras;-898898.00
08.070.508/0001-78;2019-03-31;1;RAIZEN ENERGIA S.A.;23230;DF Consolidado - Demonstração do Resultado;REAL;MILHAR;ÚLTIMO;2018-04-01;2019-03-31;3.06.02;Despesas Financeiras;-1067310.00
08.070.508/0001-78;2019-03-31;1;RAIZEN ENERGIA S.A.;23230;DF Consolidado - Demonstração do Resultado;REAL;MILHAR;PENÚLTIMO;2017-04-01;2018-03-31;3.07;Resultado Antes dos Tributos sobre o Lucro;787794.00
08.070.508/0001-78;2019-03-31;1;RAIZEN ENERGIA S.A.;23230;DF Consolidado - Demonstração do Resultado;REAL;MILHAR;ÚLTIMO;2018-04-01;2019-03-31;3.07;Resultado Antes dos Tributos sobre o Lucro;478921.00
08.070.508/0001-78;2019-03-31;1;RAIZEN ENERGIA S.A.;23230;DF Consolidado - Demonstração do Resultado;REAL;MILHAR;PENÚLTIMO;2017-04-01;2018-03-31;3.08;Imposto de Renda e Contribuição Social sobre o Lucro;-144987.00
08.070.508/0001-78;2019-03-31;1;RAIZEN ENERGIA S.A.;23230;DF Consolidado - Demonstração do Resultado;REAL;MILHAR;ÚLTIMO;2018-04-01;2019-03-31;3.08;Imposto de Renda e Contribuição Social sobre o Lucro;-5899.00
08.070.508/0001-78;2019-03-31;1;RAIZEN ENERGIA S.A.;23230;DF Consolidado - Demonstração do Resultado;REAL;MILHAR;PENÚLTIMO;2017-04-01;2018-03-31;3.08.01;Corrente;-254594.00
08.070.508/0001-78;2019-03-31;1;RAIZEN ENERGIA S.A.;23230;DF Consolidado - Demonstração do Resultado;REAL;MILHAR;ÚLTIMO;2018-04-01;2019-03-31;3.08.01;Corrente;-146886.00
08.070.508/0001-78;2019-03-31;1;RAIZEN ENERGIA S.A.;23230;DF Consolidado - Demonstração do Resultado;REAL;MILHAR;PENÚLTIMO;2017-04-01;2018-03-31;3.08.02;Diferido;109607.00
08.070.508/0001-78;2019-03-31;1;RAIZEN ENERGIA S.A.;23230;DF Consolidado - Demonstração do Resultado;REAL;MILHAR;ÚLTIMO;2018-04-01;2019-03-31;3.08.02;Diferido;140987.00
08.070.508/0001-78;2019-03-31;1;RAIZEN ENERGIA S.A.;23230;DF Consolidado - Demonstração do Resultado;REAL;MILHAR;PENÚLTIMO;2017-04-01;2018-03-31;3.09;Resultado Líquido das Operações Continuadas;642807.00
08.070.508/0001-78;2019-03-31;1;RAIZEN ENERGIA S.A.;23230;DF Consolidado - Demonstração do Resultado;REAL;MILHAR;ÚLTIMO;2018-04-01;2019-03-31;3.09;Resultado Líquido das Operações Continuadas;473022.00
08.070.508/0001-78;2019-03-31;1;RAIZEN ENERGIA S.A.;23230;DF Consolidado - Demonstração do Resultado;REAL;MILHAR;PENÚLTIMO;2017-04-01;2018-03-31;3.10;Resultado Líquido de Operações Descontinuadas;0.00
08.070.508/0001-78;2019-03-31;1;RAIZEN ENERGIA S.A.;23230;DF Consolidado - Demonstração do Resultado;REAL;MILHAR;ÚLTIMO;2018-04-01;2019-03-31;3.10;Resultado Líquido de Operações Descontinuadas;0.00
08.070.508/0001-78;2019-03-31;1;RAIZEN ENERGIA S.A.;23230;DF Consolidado - Demonstração do Resultado;REAL;MILHAR;PENÚLTIMO;2017-04-01;2018-03-31;3.10.01;Lucro/Prejuízo Líquido das Operações Descontinuadas;0.00
08.070.508/0001-78;2019-03-31;1;RAIZEN ENERGIA S.A.;23230;DF Consolidado - Demonstração do Resultado;REAL;MILHAR;ÚLTIMO;2018-04-01;2019-03-31;3.10.01;Lucro/Prejuízo Líquido das Operações Descontinuadas;0.00
08.070.508/0001-78;2019-03-31;1;RAIZEN ENERGIA S.A.;23230;DF Consolidado - Demonstração do Resultado;REAL;MILHAR;PENÚLTIMO;2017-04-01;2018-03-31;3.10.02;Ganhos/Perdas Líquidas sobre Ativos de Operações Descontinuadas;0.00
08.070.508/0001-78;2019-03-31;1;RAIZEN ENERGIA S.A.;23230;DF Consolidado - Demonstração do Resultado;REAL;MILHAR;ÚLTIMO;2018-04-01;2019-03-31;3.10.02;Ganhos/Perdas Líquidas sobre Ativos de Operações Descontinuadas;0.00
08.070.508/0001-78;2019-03-31;1;RAIZEN ENERGIA S.A.;23230;DF Consolidado - Demonstração do Resultado;REAL;MILHAR;PENÚLTIMO;2017-04-01;2018-03-31;3.11;Lucro/Prejuízo Consolidado do Período;642807.00
08.070.508/0001-78;2019-03-31;1;RAIZEN ENERGIA S.A.;23230;DF Consolidado - Demonstração do Resultado;REAL;MILHAR;ÚLTIMO;2018-04-01;2019-03-31;3.11;Lucro/Prejuízo Consolidado do Período;473022.00
08.070.508/0001-78;2019-03-31;1;RAIZEN ENERGIA S.A.;23230;DF Consolidado - Demonstração do Resultado;REAL;MILHAR;PENÚLTIMO;2017-04-01;2018-03-31;3.11.01;Atribuído a Sócios da Empresa Controladora;642794.00
08.070.508/0001-78;2019-03-31;1;RAIZEN ENERGIA S.A.;23230;DF Consolidado - Demonstração do Resultado;REAL;MILHAR;ÚLTIMO;2018-04-01;2019-03-31;3.11.01;Atribuído a Sócios da Empresa Controladora;468101.00
08.070.508/0001-78;2019-03-31;1;RAIZEN ENERGIA S.A.;23230;DF Consolidado - Demonstração do Resultado;REAL;MILHAR;PENÚLTIMO;2017-04-01;2018-03-31;3.11.02;Atribuído a Sócios Não Controladores;13.00
08.070.508/0001-78;2019-03-31;1;RAIZEN ENERGIA S.A.;23230;DF Consolidado - Demonstração do Resultado;REAL;MILHAR;ÚLTIMO;2018-04-01;2019-03-31;3.11.02;Atribuído a Sócios Não Controladores;4921.00
08.493.364/0001-62;2019-03-31;1;CIA MINEIRA DE AÇUCAR E ALCOOL PARTICIPAÇÕES;21709;DF Consolidado - Demonstração do Resultado;REAL;MILHAR;PENÚLTIMO;2017-04-01;2018-03-31;3.01;Receita de Venda de Bens e/ou Serviços;719797.00
08.493.364/0001-62;2019-03-31;1;CIA MINEIRA DE AÇUCAR E ALCOOL PARTICIPAÇÕES;21709;DF Consolidado - Demonstração do Resultado;REAL;MILHAR;ÚLTIMO;2018-04-01;2019-03-31;3.01;Receita de Venda de Bens e/ou Serviços;833753.00
08.493.364/0001-62;2019-03-31;1;CIA MINEIRA DE AÇUCAR E ALCOOL PARTICIPAÇÕES;21709;DF Consolidado - Demonstração do Resultado;REAL;MILHAR;PENÚLTIMO;2017-04-01;2018-03-31;3.02;Custo dos Bens e/ou Serviços Vendidos;-472540.00
08.493.364/0001-62;2019-03-31;1;CIA MINEIRA DE AÇUCAR E ALCOOL PARTICIPAÇÕES;21709;DF Consolidado - Demonstração do Resultado;REAL;MILHAR;ÚLTIMO;2018-04-01;2019-03-31;3.02;Custo dos Bens e/ou Serviços Vendidos;-650193.00
08.493.364/0001-62;2019-03-31;1;CIA MINEIRA DE AÇUCAR E ALCOOL PARTICIPAÇÕES;21709;DF Consolidado - Demonstração do Resultado;REAL;MILHAR;PENÚLTIMO;2017-04-01;2018-03-31;3.03;Resultado Bruto;247257.00
08.493.364/0001-62;2019-03-31;1;CIA MINEIRA DE AÇUCAR E ALCOOL PARTICIPAÇÕES;21709;DF Consolidado - Demonstração do Resultado;REAL;MILHAR;ÚLTIMO;2018-04-01;2019-03-31;3.03;Resultado Bruto;183560.00
08.493.364/0001-62;2019-03-31;1;CIA MINEIRA DE AÇUCAR E ALCOOL PARTICIPAÇÕES;21709;DF Consolidado - Demonstração do Resultado;REAL;MILHAR;PENÚLTIMO;2017-04-01;2018-03-31;3.04;Despesas/Receitas Operacionais;-70032.00
08.493.364/0001-62;2019-03-31;1;CIA MINEIRA DE AÇUCAR E ALCOOL PARTICIPAÇÕES;21709;DF Consolidado - Demonstração do Resultado;REAL;MILHAR;ÚLTIMO;2018-04-01;2019-03-31;3.04;Despesas/Receitas Operacionais;-72601.00
08.493.364/0001-62;2019-03-31;1;CIA MINEIRA DE AÇUCAR E ALCOOL PARTICIPAÇÕES;21709;DF Consolidado - Demonstração do Resultado;REAL;MILHAR;PENÚLTIMO;2017-04-01;2018-03-31;3.04.01;Despesas com Vendas;-48284.00
08.493.364/0001-62;2019-03-31;1;CIA MINEIRA DE AÇUCAR E ALCOOL PARTICIPAÇÕES;21709;DF Consolidado - Demonstração do Resultado;REAL;MILHAR;ÚLTIMO;2018-04-01;2019-03-31;3.04.01;Despesas com Vendas;-53628.00
08.493.364/0001-62;2019-03-31;1;CIA MINEIRA DE AÇUCAR E ALCOOL PARTICIPAÇÕES;21709;DF Consolidado - Demonstração do Resultado;REAL;MILHAR;PENÚLTIMO;2017-04-01;2018-03-31;3.04.02;Despesas Gerais e Administrativas;-19545.00
08.493.364/0001-62;2019-03-31;1;CIA MINEIRA DE AÇUCAR E ALCOOL PARTICIPAÇÕES;21709;DF Consolidado - Demonstração do Resultado;REAL;MILHAR;ÚLTIMO;2018-04-01;2019-03-31;3.04.02;Despesas Gerais e Administrativas;-24872.00
08.493.364/0001-62;2019-03-31;1;CIA MINEIRA DE AÇUCAR E ALCOOL PARTICIPAÇÕES;21709;DF Consolidado - Demonstração do Resultado;REAL;MILHAR;PENÚLTIMO;2017-04-01;2018-03-31;3.04.03;Perdas pela Não Recuperabilidade de Ativos;0.00
08.493.364/0001-62;2019-03-31;1;CIA MINEIRA DE AÇUCAR E ALCOOL PARTICIPAÇÕES;21709;DF Consolidado - Demonstração do Resultado;REAL;MILHAR;ÚLTIMO;2018-04-01;2019-03-31;3.04.03;Perdas pela Não Recuperabilidade de Ativos;0.00
08.493.364/0001-62;2019-03-31;1;CIA MINEIRA DE AÇUCAR E ALCOOL PARTICIPAÇÕES;21709;DF Consolidado - Demonstração do Resultado;REAL;MILHAR;PENÚLTIMO;2017-04-01;2018-03-31;3.04.04;Outras Receitas Operacionais;-2203.00
08.493.364/0001-62;2019-03-31;1;CIA MINEIRA DE AÇUCAR E ALCOOL PARTICIPAÇÕES;21709;DF Consolidado - Demonstração do Resultado;REAL;MILHAR;ÚLTIMO;2018-04-01;2019-03-31;3.04.04;Outras Receitas Operacionais;5899.00
08.493.364/0001-62;2019-03-31;1;CIA MINEIRA DE AÇUCAR E ALCOOL PARTICIPAÇÕES;21709;DF Consolidado - Demonstração do Resultado;REAL;MILHAR;PENÚLTIMO;2017-04-01;2018-03-31;3.04.05;Outras Despesas Operacionais;0.00
08.493.364/0001-62;2019-03-31;1;CIA MINEIRA DE AÇUCAR E ALCOOL PARTICIPAÇÕES;21709;DF Consolidado - Demonstração do Resultado;REAL;MILHAR;ÚLTIMO;2018-04-01;2019-03-31;3.04.05;Outras Despesas Operacionais;0.00
08.493.364/0001-62;2019-03-31;1;CIA MINEIRA DE AÇUCAR E ALCOOL PARTICIPAÇÕES;21709;DF Consolidado - Demonstração do Resultado;REAL;MILHAR;PENÚLTIMO;2017-04-01;2018-03-31;3.04.06;Resultado de Equivalência Patrimonial;0.00
08.493.364/0001-62;2019-03-31;1;CIA MINEIRA DE AÇUCAR E ALCOOL PARTICIPAÇÕES;21709;DF Consolidado - Demonstração do Resultado;REAL;MILHAR;ÚLTIMO;2018-04-01;2019-03-31;3.04.06;Resultado de Equivalência Patrimonial;0.00
08.493.364/0001-62;2019-03-31;1;CIA MINEIRA DE AÇUCAR E ALCOOL PARTICIPAÇÕES;21709;DF Consolidado - Demonstração do Resultado;REAL;MILHAR;PENÚLTIMO;2017-04-01;2018-03-31;3.05;Resultado Antes do Resultado Financeiro e dos Tributos;177225.00
08.493.364/0001-62;2019-03-31;1;CIA MINEIRA DE AÇUCAR E ALCOOL PARTICIPAÇÕES;21709;DF Consolidado - Demonstração do Resultado;REAL;MILHAR;ÚLTIMO;2018-04-01;2019-03-31;3.05;Resultado Antes do Resultado Financeiro e dos Tributos;110959.00
08.493.364/0001-62;2019-03-31;1;CIA MINEIRA DE AÇUCAR E ALCOOL PARTICIPAÇÕES;21709;DF Consolidado - Demonstração do Resultado;REAL;MILHAR;PENÚLTIMO;2017-04-01;2018-03-31;3.06;Resultado Financeiro;-67161.00
08.493.364/0001-62;2019-03-31;1;CIA MINEIRA DE AÇUCAR E ALCOOL PARTICIPAÇÕES;21709;DF Consolidado - Demonstração do Resultado;REAL;MILHAR;ÚLTIMO;2018-04-01;2019-03-31;3.06;Resultado Financeiro;-101523.00
08.493.364/0001-62;2019-03-31;1;CIA MINEIRA DE AÇUCAR E ALCOOL PARTICIPAÇÕES;21709;DF Consolidado - Demonstração do Resultado;REAL;MILHAR;PENÚLTIMO;2017-04-01;2018-03-31;3.06.01;Receitas Financeiras;186232.00
08.493.364/0001-62;2019-03-31;1;CIA MINEIRA DE AÇUCAR E ALCOOL PARTICIPAÇÕES;21709;DF Consolidado - Demonstração do Resultado;REAL;MILHAR;ÚLTIMO;2018-04-01;2019-03-31;3.06.01;Receitas Financeiras;271280.00
08.493.364/0001-62;2019-03-31;1;CIA MINEIRA DE AÇUCAR E ALCOOL PARTICIPAÇÕES;21709;DF Consolidado - Demonstração do Resultado;REAL;MILHAR;PENÚLTIMO;2017-04-01;2018-03-31;3.06.02;Despesas Financeiras;-253393.00
08.493.364/0001-62;2019-03-31;1;CIA MINEIRA DE AÇUCAR E ALCOOL PARTICIPAÇÕES;21709;DF Consolidado - Demonstração do Resultado;REAL;MILHAR;ÚLTIMO;2018-04-01;2019-03-31;3.06.02;Despesas Financeiras;-372803.00
08.493.364/0001-62;2019-03-31;1;CIA MINEIRA DE AÇUCAR E ALCOOL PARTICIPAÇÕES;21709;DF Consolidado - Demonstração do Resultado;REAL;MILHAR;PENÚLTIMO;2017-04-01;2018-03-31;3.07;Resultado Antes dos Tributos sobre o Lucro;110064.00
08.493.364/0001-62;2019-03-31;1;CIA MINEIRA DE AÇUCAR E ALCOOL PARTICIPAÇÕES;21709;DF Consolidado - Demonstração do Resultado;REAL;MILHAR;ÚLTIMO;2018-04-01;2019-03-31;3.07;Resultado Antes dos Tributos sobre o Lucro;9436.00
08.493.364/0001-62;2019-03-31;1;CIA MINEIRA DE AÇUCAR E ALCOOL PARTICIPAÇÕES;21709;DF Consolidado - Demonstração do Resultado;REAL;MILHAR;PENÚLTIMO;2017-04-01;2018-03-31;3.08;Imposto de Renda e Contribuição Social sobre o Lucro;-20178.00
08.493.364/0001-62;2019-03-31;1;CIA MINEIRA DE AÇUCAR E ALCOOL PARTICIPAÇÕES;21709;DF Consolidado - Demonstração do Resultado;REAL;MILHAR;ÚLTIMO;2018-04-01;2019-03-31;3.08;Imposto de Renda e Contribuição Social sobre o Lucro;9396.00
08.493.364/0001-62;2019-03-31;1;CIA MINEIRA DE AÇUCAR E ALCOOL PARTICIPAÇÕES;21709;DF Consolidado - Demonstração do Resultado;REAL;MILHAR;PENÚLTIMO;2017-04-01;2018-03-31;3.08.01;Corrente;-15092.00
08.493.364/0001-62;2019-03-31;1;CIA MINEIRA DE AÇUCAR E ALCOOL PARTICIPAÇÕES;21709;DF Consolidado - Demonstração do Resultado;REAL;MILHAR;ÚLTIMO;2018-04-01;2019-03-31;3.08.01;Corrente;-485.00
08.493.364/0001-62;2019-03-31;1;CIA MINEIRA DE AÇUCAR E ALCOOL PARTICIPAÇÕES;21709;DF Consolidado - Demonstração do Resultado;REAL;MILHAR;PENÚLTIMO;2017-04-01;2018-03-31;3.08.02;Diferido;-5086.00
08.493.364/0001-62;2019-03-31;1;CIA MINEIRA DE AÇUCAR E ALCOOL PARTICIPAÇÕES;21709;DF Consolidado - Demonstração do Resultado;REAL;MILHAR;ÚLTIMO;2018-04-01;2019-03-31;3.08.02;Diferido;9881.00
08.493.364/0001-62;2019-03-31;1;CIA MINEIRA DE AÇUCAR E ALCOOL PARTICIPAÇÕES;21709;DF Consolidado - Demonstração do Resultado;REAL;MILHAR;PENÚLTIMO;2017-04-01;2018-03-31;3.09;Resultado Líquido das Operações Continuadas;89886.00
08.493.364/0001-62;2019-03-31;1;CIA MINEIRA DE AÇUCAR E ALCOOL PARTICIPAÇÕES;21709;DF Consolidado - Demonstração do Resultado;REAL;MILHAR;ÚLTIMO;2018-04-01;2019-03-31;3.09;Resultado Líquido das Operações Continuadas;18832.00
08.493.364/0001-62;2019-03-31;1;CIA MINEIRA DE AÇUCAR E ALCOOL PARTICIPAÇÕES;21709;DF Consolidado - Demonstração do Resultado;REAL;MILHAR;PENÚLTIMO;2017-04-01;2018-03-31;3.10;Resultado Líquido de Operações Descontinuadas;0.00
08.493.364/0001-62;2019-03-31;1;CIA MINEIRA DE AÇUCAR E ALCOOL PARTICIPAÇÕES;21709;DF Consolidado - Demonstração do Resultado;REAL;MILHAR;ÚLTIMO;2018-04-01;2019-03-31;3.10;Resultado Líquido de Operações Descontinuadas;0.00
08.493.364/0001-62;2019-03-31;1;CIA MINEIRA DE AÇUCAR E ALCOOL PARTICIPAÇÕES;21709;DF Consolidado - Demonstração do Resultado;REAL;MILHAR;PENÚLTIMO;2017-04-01;2018-03-31;3.10.01;Lucro/Prejuízo Líquido das Operações Descontinuadas;0.00
08.493.364/0001-62;2019-03-31;1;CIA MINEIRA DE AÇUCAR E ALCOOL PARTICIPAÇÕES;21709;DF Consolidado - Demonstração do Resultado;REAL;MILHAR;ÚLTIMO;2018-04-01;2019-03-31;3.10.01;Lucro/Prejuízo Líquido das Operações Descontinuadas;0.00
08.493.364/0001-62;2019-03-31;1;CIA MINEIRA DE AÇUCAR E ALCOOL PARTICIPAÇÕES;21709;DF Consolidado - Demonstração do Resultado;REAL;MILHAR;PENÚLTIMO;2017-04-01;2018-03-31;3.10.02;Ganhos/Perdas Líquidas sobre Ativos de Operações Descontinuadas;0.00
08.493.364/0001-62;2019-03-31;1;CIA MINEIRA DE AÇUCAR E ALCOOL PARTICIPAÇÕES;21709;DF Consolidado - Demonstração do Resultado;REAL;MILHAR;ÚLTIMO;2018-04-01;2019-03-31;3.10.02;Ganhos/Perdas Líquidas sobre Ativos de Operações Descontinuadas;0.00
08.493.364/0001-62;2019-03-31;1;CIA MINEIRA DE AÇUCAR E ALCOOL PARTICIPAÇÕES;21709;DF Consolidado - Demonstração do Resultado;REAL;MILHAR;PENÚLTIMO;2017-04-01;2018-03-31;3.11;Lucro/Prejuízo Consolidado do Período;89886.00
08.493.364/0001-62;2019-03-31;1;CIA MINEIRA DE AÇUCAR E ALCOOL PARTICIPAÇÕES;21709;DF Consolidado - Demonstração do Resultado;REAL;MILHAR;ÚLTIMO;2018-04-01;2019-03-31;3.11;Lucro/Prejuízo Consolidado do Período;18832.00
08.493.364/0001-62;2019-03-31;1;CIA MINEIRA DE AÇUCAR E ALCOOL PARTICIPAÇÕES;21709;DF Consolidado - Demonstração do Resultado;REAL;MILHAR;PENÚLTIMO;2017-04-01;2018-03-31;3.11.01;Atribuído a Sócios da Empresa Controladora;89886.00
08.493.364/0001-62;2019-03-31;1;CIA MINEIRA DE AÇUCAR E ALCOOL PARTICIPAÇÕES;21709;DF Consolidado - Demonstração do Resultado;REAL;MILHAR;ÚLTIMO;2018-04-01;2019-03-31;3.11.01;Atribuído a Sócios da Empresa Controladora;18832.00
08.493.364/0001-62;2019-03-31;1;CIA MINEIRA DE AÇUCAR E ALCOOL PARTICIPAÇÕES;21709;DF Consolidado - Demonstração do Resultado;REAL;MILHAR;PENÚLTIMO;2017-04-01;2018-03-31;3.11.02;Atribuído a Sócios Não Controladores;0.00
08.493.364/0001-62;2019-03-31;1;CIA MINEIRA DE AÇUCAR E ALCOOL PARTICIPAÇÕES;21709;DF Consolidado - Demonstração do Resultado;REAL;MILHAR;ÚLTIMO;2018-04-01;2019-03-31;3.11.02;Atribuído a Sócios Não Controladores;0.00
15.527.906/0001-36;2019-03-31;1;BIOSEV S.A.;22845;DF Consolidado - Demonstração do Resultado;REAL;MILHAR;PENÚLTIMO;2017-04-01;2018-03-31;3.01;Receita de Venda de Bens e/ou Serviços;7103644.00
15.527.906/0001-36;2019-03-31;1;BIOSEV S.A.;22845;DF Consolidado - Demonstração do Resultado;REAL;MILHAR;ÚLTIMO;2018-04-01;2019-03-31;3.01;Receita de Venda de Bens e/ou Serviços;6232172.00
15.527.906/0001-36;2019-03-31;1;BIOSEV S.A.;22845;DF Consolidado - Demonstração do Resultado;REAL;MILHAR;PENÚLTIMO;2017-04-01;2018-03-31;3.02;Custo dos Bens e/ou Serviços Vendidos;-6797295.00
15.527.906/0001-36;2019-03-31;1;BIOSEV S.A.;22845;DF Consolidado - Demonstração do Resultado;REAL;MILHAR;ÚLTIMO;2018-04-01;2019-03-31;3.02;Custo dos Bens e/ou Serviços Vendidos;-5642200.00
15.527.906/0001-36;2019-03-31;1;BIOSEV S.A.;22845;DF Consolidado - Demonstração do Resultado;REAL;MILHAR;PENÚLTIMO;2017-04-01;2018-03-31;3.03;Resultado Bruto;306349.00
15.527.906/0001-36;2019-03-31;1;BIOSEV S.A.;22845;DF Consolidado - Demonstração do Resultado;REAL;MILHAR;ÚLTIMO;2018-04-01;2019-03-31;3.03;Resultado Bruto;589972.00
15.527.906/0001-36;2019-03-31;1;BIOSEV S.A.;22845;DF Consolidado - Demonstração do Resultado;REAL;MILHAR;PENÚLTIMO;2017-04-01;2018-03-31;3.04;Despesas/Receitas Operacionais;-878887.00
15.527.906/0001-36;2019-03-31;1;BIOSEV S.A.;22845;DF Consolidado - Demonstração do Resultado;REAL;MILHAR;ÚLTIMO;2018-04-01;2019-03-31;3.04;Despesas/Receitas Operacionais;-602220.00
15.527.906/0001-36;2019-03-31;1;BIOSEV S.A.;22845;DF Consolidado - Demonstração do Resultado;REAL;MILHAR;PENÚLTIMO;2017-04-01;2018-03-31;3.04.01;Despesas com Vendas;-271560.00
15.527.906/0001-36;2019-03-31;1;BIOSEV S.A.;22845;DF Consolidado - Demonstração do Resultado;REAL;MILHAR;ÚLTIMO;2018-04-01;2019-03-31;3.04.01;Despesas com Vendas;-209393.00
15.527.906/0001-36;2019-03-31;1;BIOSEV S.A.;22845;DF Consolidado - Demonstração do Resultado;REAL;MILHAR;PENÚLTIMO;2017-04-01;2018-03-31;3.04.02;Despesas Gerais e Administrativas;-346081.00
15.527.906/0001-36;2019-03-31;1;BIOSEV S.A.;22845;DF Consolidado - Demonstração do Resultado;REAL;MILHAR;ÚLTIMO;2018-04-01;2019-03-31;3.04.02;Despesas Gerais e Administrativas;-255714.00
15.527.906/0001-36;2019-03-31;1;BIOSEV S.A.;22845;DF Consolidado - Demonstração do Resultado;REAL;MILHAR;PENÚLTIMO;2017-04-01;2018-03-31;3.04.03;Perdas pela Não Recuperabilidade de Ativos;0.00
15.527.906/0001-36;2019-03-31;1;BIOSEV S.A.;22845;DF Consolidado - Demonstração do Resultado;REAL;MILHAR;ÚLTIMO;2018-04-01;2019-03-31;3.04.03;Perdas pela Não Recuperabilidade de Ativos;0.00
15.527.906/0001-36;2019-03-31;1;BIOSEV S.A.;22845;DF Consolidado - Demonstração do Resultado;REAL;MILHAR;PENÚLTIMO;2017-04-01;2018-03-31;3.04.04;Outras Receitas Operacionais;122082.00
15.527.906/0001-36;2019-03-31;1;BIOSEV S.A.;22845;DF Consolidado - Demonstração do Resultado;REAL;MILHAR;ÚLTIMO;2018-04-01;2019-03-31;3.04.04;Outras Receitas Operacionais;148412.00
15.527.906/0001-36;2019-03-31;1;BIOSEV S.A.;22845;DF Consolidado - Demonstração do Resultado;REAL;MILHAR;PENÚLTIMO;2017-04-01;2018-03-31;3.04.05;Outras Despesas Operacionais;-378249.00
15.527.906/0001-36;2019-03-31;1;BIOSEV S.A.;22845;DF Consolidado - Demonstração do Resultado;REAL;MILHAR;ÚLTIMO;2018-04-01;2019-03-31;3.04.05;Outras Despesas Operacionais;-274152.00
15.527.906/0001-36;2019-03-31;1;BIOSEV S.A.;22845;DF Consolidado - Demonstração do Resultado;REAL;MILHAR;PENÚLTIMO;2017-04-01;2018-03-31;3.04.06;Resultado de Equivalência Patrimonial;-5079.00
15.527.906/0001-36;2019-03-31;1;BIOSEV S.A.;22845;DF Consolidado - Demonstração do Resultado;REAL;MILHAR;ÚLTIMO;2018-04-01;2019-03-31;3.04.06;Resultado de Equivalência Patrimonial;-11373.00
15.527.906/0001-36;2019-03-31;1;BIOSEV S.A.;22845;DF Consolidado - Demonstração do Resultado;REAL;MILHAR;PENÚLTIMO;2017-04-01;2018-03-31;3.05;Resultado Antes do Resultado Financeiro e dos Tributos;-572538.00
15.527.906/0001-36;2019-03-31;1;BIOSEV S.A.;22845;DF Consolidado - Demonstração do Resultado;REAL;MILHAR;ÚLTIMO;2018-04-01;2019-03-31;3.05;Resultado Antes do Resultado Financeiro e dos Tributos;-12248.00
15.527.906/0001-36;2019-03-31;1;BIOSEV S.A.;22845;DF Consolidado - Demonstração do Resultado;REAL;MILHAR;PENÚLTIMO;2017-04-01;2018-03-31;3.06;Resultado Financeiro;-1118329.00
15.527.906/0001-36;2019-03-31;1;BIOSEV S.A.;22845;DF Consolidado - Demonstração do Resultado;REAL;MILHAR;ÚLTIMO;2018-04-01;2019-03-31;3.06;Resultado Financeiro;-1373080.00
15.527.906/0001-36;2019-03-31;1;BIOSEV S.A.;22845;DF Consolidado - Demonstração do Resultado;REAL;MILHAR;PENÚLTIMO;2017-04-01;2018-03-31;3.06.01;Receitas Financeiras;52031.00
15.527.906/0001-36;2019-03-31;1;BIOSEV S.A.;22845;DF Consolidado - Demonstração do Resultado;REAL;MILHAR;ÚLTIMO;2018-04-01;2019-03-31;3.06.01;Receitas Financeiras;138515.00
15.527.906/0001-36;2019-03-31;1;BIOSEV S.A.;22845;DF Consolidado - Demonstração do Resultado;REAL;MILHAR;PENÚLTIMO;2017-04-01;2018-03-31;3.06.02;Despesas Financeiras;-1170360.00
15.527.906/0001-36;2019-03-31;1;BIOSEV S.A.;22845;DF Consolidado - Demonstração do Resultado;REAL;MILHAR;ÚLTIMO;2018-04-01;2019-03-31;3.06.02;Despesas Financeiras;-1511595.00
15.527.906/0001-36;2019-03-31;1;BIOSEV S.A.;22845;DF Consolidado - Demonstração do Resultado;REAL;MILHAR;PENÚLTIMO;2017-04-01;2018-03-31;3.07;Resultado Antes dos Tributos sobre o Lucro;-1690867.00
15.527.906/0001-36;2019-03-31;1;BIOSEV S.A.;22845;DF Consolidado - Demonstração do Resultado;REAL;MILHAR;ÚLTIMO;2018-04-01;2019-03-31;3.07;Resultado Antes dos Tributos sobre o Lucro;-1385328.00
15.527.906/0001-36;2019-03-31;1;BIOSEV S.A.;22845;DF Consolidado - Demonstração do Resultado;REAL;MILHAR;PENÚLTIMO;2017-04-01;2018-03-31;3.08;Imposto de Renda e Contribuição Social sobre o Lucro;420992.00
15.527.906/0001-36;2019-03-31;1;BIOSEV S.A.;22845;DF Consolidado - Demonstração do Resultado;REAL;MILHAR;ÚLTIMO;2018-04-01;2019-03-31;3.08;Imposto de Renda e Contribuição Social sobre o Lucro;186198.00
15.527.906/0001-36;2019-03-31;1;BIOSEV S.A.;22845;DF Consolidado - Demonstração do Resultado;REAL;MILHAR;PENÚLTIMO;2017-04-01;2018-03-31;3.08.01;Corrente;0.00
15.527.906/0001-36;2019-03-31;1;BIOSEV S.A.;22845;DF Consolidado - Demonstração do Resultado;REAL;MILHAR;ÚLTIMO;2018-04-01;2019-03-31;3.08.01;Corrente;0.00
15.527.906/0001-36;2019-03-31;1;BIOSEV S.A.;22845;DF Consolidado - Demonstração do Resultado;REAL;MILHAR;PENÚLTIMO;2017-04-01;2018-03-31;3.08.02;Diferido;0.00
15.527.906/0001-36;2019-03-31;1;BIOSEV S.A.;22845;DF Consolidado - Demonstração do Resultado;REAL;MILHAR;ÚLTIMO;2018-04-01;2019-03-31;3.08.02;Diferido;0.00
15.527.906/0001-36;2019-03-31;1;BIOSEV S.A.;22845;DF Consolidado - Demonstração do Resultado;REAL;MILHAR;PENÚLTIMO;2017-04-01;2018-03-31;3.09;Resultado Líquido das Operações Continuadas;-1269875.00
15.527.906/0001-36;2019-03-31;1;BIOSEV S.A.;22845;DF Consolidado - Demonstração do Resultado;REAL;MILHAR;ÚLTIMO;2018-04-01;2019-03-31;3.09;Resultado Líquido das Operações Continuadas;-1199130.00
15.527.906/0001-36;2019-03-31;1;BIOSEV S.A.;22845;DF Consolidado - Demonstração do Resultado;REAL;MILHAR;PENÚLTIMO;2017-04-01;2018-03-31;3.10;Resultado Líquido de Operações Descontinuadas;0.00
15.527.906/0001-36;2019-03-31;1;BIOSEV S.A.;22845;DF Consolidado - Demonstração do Resultado;REAL;MILHAR;ÚLTIMO;2018-04-01;2019-03-31;3.10;Resultado Líquido de Operações Descontinuadas;0.00
15.527.906/0001-36;2019-03-31;1;BIOSEV S.A.;22845;DF Consolidado - Demonstração do Resultado;REAL;MILHAR;PENÚLTIMO;2017-04-01;2018-03-31;3.10.01;Lucro/Prejuízo Líquido das Operações Descontinuadas;0.00
15.527.906/0001-36;2019-03-31;1;BIOSEV S.A.;22845;DF Consolidado - Demonstração do Resultado;REAL;MILHAR;ÚLTIMO;2018-04-01;2019-03-31;3.10.01;Lucro/Prejuízo Líquido das Operações Descontinuadas;0.00
15.527.906/0001-36;2019-03-31;1;BIOSEV S.A.;22845;DF Consolidado - Demonstração do Resultado;REAL;MILHAR;PENÚLTIMO;2017-04-01;2018-03-31;3.10.02;Ganhos/Perdas Líquidas sobre Ativos de Operações Descontinuadas;0.00
15.527.906/0001-36;2019-03-31;1;BIOSEV S.A.;22845;DF Consolidado - Demonstração do Resultado;REAL;MILHAR;ÚLTIMO;2018-04-01;2019-03-31;3.10.02;Ganhos/Perdas Líquidas sobre Ativos de Operações Descontinuadas;0.00
15.527.906/0001-36;2019-03-31;1;BIOSEV S.A.;22845;DF Consolidado - Demonstração do Resultado;REAL;MILHAR;PENÚLTIMO;2017-04-01;2018-03-31;3.11;Lucro/Prejuízo Consolidado do Período;-1269875.00
15.527.906/0001-36;2019-03-31;1;BIOSEV S.A.;22845;DF Consolidado - Demonstração do Resultado;REAL;MILHAR;ÚLTIMO;2018-04-01;2019-03-31;3.11;Lucro/Prejuízo Consolidado do Período;-1199130.00
15.527.906/0001-36;2019-03-31;1;BIOSEV S.A.;22845;DF Consolidado - Demonstração do Resultado;REAL;MILHAR;PENÚLTIMO;2017-04-01;2018-03-31;3.11.01;Atribuído a Sócios da Empresa Controladora;-1269833.00
15.527.906/0001-36;2019-03-31;1;BIOSEV S.A.;22845;DF Consolidado - Demonstração do Resultado;REAL;MILHAR;ÚLTIMO;2018-04-01;2019-03-31;3.11.01;Atribuído a Sócios da Empresa Controladora;-1198708.00
15.527.906/0001-36;2019-03-31;1;BIOSEV S.A.;22845;DF Consolidado - Demonstração do Resultado;REAL;MILHAR;PENÚLTIMO;2017-04-01;2018-03-31;3.11.02;Atribuído a Sócios Não Controladores;-42.00
15.527.906/0001-36;2019-03-31;1;BIOSEV S.A.;22845;DF Consolidado - Demonstração do Resultado;REAL;MILHAR;ÚLTIMO;2018-04-01;2019-03-31;3.11.02;Atribuído a Sócios Não Controladores;-422.00
51.466.860/0001-56;2019-03-31;1;SAO MARTINHO S.A.;20516;DF Consolidado - Demonstração do Resultado;REAL;MILHAR;PENÚLTIMO;2017-04-01;2018-03-31;3.01;Receita de Venda de Bens e/ou Serviços;3435700.00
51.466.860/0001-56;2019-03-31;1;SAO MARTINHO S.A.;20516;DF Consolidado - Demonstração do Resultado;REAL;MILHAR;ÚLTIMO;2018-04-01;2019-03-31;3.01;Receita de Venda de Bens e/ou Serviços;3360362.00
51.466.860/0001-56;2019-03-31;1;SAO MARTINHO S.A.;20516;DF Consolidado - Demonstração do Resultado;REAL;MILHAR;PENÚLTIMO;2017-04-01;2018-03-31;3.02;Custo dos Bens e/ou Serviços Vendidos;-2336341.00
51.466.860/0001-56;2019-03-31;1;SAO MARTINHO S.A.;20516;DF Consolidado - Demonstração do Resultado;REAL;MILHAR;ÚLTIMO;2018-04-01;2019-03-31;3.02;Custo dos Bens e/ou Serviços Vendidos;-2488932.00
51.466.860/0001-56;2019-03-31;1;SAO MARTINHO S.A.;20516;DF Consolidado - Demonstração do Resultado;REAL;MILHAR;PENÚLTIMO;2017-04-01;2018-03-31;3.03;Resultado Bruto;1099359.00
51.466.860/0001-56;2019-03-31;1;SAO MARTINHO S.A.;20516;DF Consolidado - Demonstração do Resultado;REAL;MILHAR;ÚLTIMO;2018-04-01;2019-03-31;3.03;Resultado Bruto;871430.00
51.466.860/0001-56;2019-03-31;1;SAO MARTINHO S.A.;20516;DF Consolidado - Demonstração do Resultado;REAL;MILHAR;PENÚLTIMO;2017-04-01;2018-03-31;3.04;Despesas/Receitas Operacionais;-299678.00
51.466.860/0001-56;2019-03-31;1;SAO MARTINHO S.A.;20516;DF Consolidado - Demonstração do Resultado;REAL;MILHAR;ÚLTIMO;2018-04-01;2019-03-31;3.04;Despesas/Receitas Operacionais;-173408.00
51.466.860/0001-56;2019-03-31;1;SAO MARTINHO S.A.;20516;DF Consolidado - Demonstração do Resultado;REAL;MILHAR;PENÚLTIMO;2017-04-01;2018-03-31;3.04.01;Despesas com Vendas;-119778.00
51.466.860/0001-56;2019-03-31;1;SAO MARTINHO S.A.;20516;DF Consolidado - Demonstração do Resultado;REAL;MILHAR;ÚLTIMO;2018-04-01;2019-03-31;3.04.01;Despesas com Vendas;-97367.00
51.466.860/0001-56;2019-03-31;1;SAO MARTINHO S.A.;20516;DF Consolidado - Demonstração do Resultado;REAL;MILHAR;PENÚLTIMO;2017-04-01;2018-03-31;3.04.02;Despesas Gerais e Administrativas;-180070.00
51.466.860/0001-56;2019-03-31;1;SAO MARTINHO S.A.;20516;DF Consolidado - Demonstração do Resultado;REAL;MILHAR;ÚLTIMO;2018-04-01;2019-03-31;3.04.02;Despesas Gerais e Administrativas;-194925.00
51.466.860/0001-56;2019-03-31;1;SAO MARTINHO S.A.;20516;DF Consolidado - Demonstração do Resultado;REAL;MILHAR;PENÚLTIMO;2017-04-01;2018-03-31;3.04.03;Perdas pela Não Recuperabilidade de Ativos;0.00
51.466.860/0001-56;2019-03-31;1;SAO MARTINHO S.A.;20516;DF Consolidado - Demonstração do Resultado;REAL;MILHAR;ÚLTIMO;2018-04-01;2019-03-31;3.04.03;Perdas pela Não Recuperabilidade de Ativos;0.00
51.466.860/0001-56;2019-03-31;1;SAO MARTINHO S.A.;20516;DF Consolidado - Demonstração do Resultado;REAL;MILHAR;PENÚLTIMO;2017-04-01;2018-03-31;3.04.04;Outras Receitas Operacionais;3164.00
51.466.860/0001-56;2019-03-31;1;SAO MARTINHO S.A.;20516;DF Consolidado - Demonstração do Resultado;REAL;MILHAR;ÚLTIMO;2018-04-01;2019-03-31;3.04.04;Outras Receitas Operacionais;119124.00
51.466.860/0001-56;2019-03-31;1;SAO MARTINHO S.A.;20516;DF Consolidado - Demonstração do Resultado;REAL;MILHAR;PENÚLTIMO;2017-04-01;2018-03-31;3.04.05;Outras Despesas Operacionais;0.00
51.466.860/0001-56;2019-03-31;1;SAO MARTINHO S.A.;20516;DF Consolidado - Demonstração do Resultado;REAL;MILHAR;ÚLTIMO;2018-04-01;2019-03-31;3.04.05;Outras Despesas Operacionais;0.00
51.466.860/0001-56;2019-03-31;1;SAO MARTINHO S.A.;20516;DF Consolidado - Demonstração do Resultado;REAL;MILHAR;PENÚLTIMO;2017-04-01;2018-03-31;3.04.06;Resultado de Equivalência Patrimonial;-2994.00
51.466.860/0001-56;2019-03-31;1;SAO MARTINHO S.A.;20516;DF Consolidado - Demonstração do Resultado;REAL;MILHAR;ÚLTIMO;2018-04-01;2019-03-31;3.04.06;Resultado de Equivalência Patrimonial;-240.00
51.466.860/0001-56;2019-03-31;1;SAO MARTINHO S.A.;20516;DF Consolidado - Demonstração do Resultado;REAL;MILHAR;PENÚLTIMO;2017-04-01;2018-03-31;3.05;Resultado Antes do Resultado Financeiro e dos Tributos;799681.00
51.466.860/0001-56;2019-03-31;1;SAO MARTINHO S.A.;20516;DF Consolidado - Demonstração do Resultado;REAL;MILHAR;ÚLTIMO;2018-04-01;2019-03-31;3.05;Resultado Antes do Resultado Financeiro e dos Tributos;698022.00
51.466.860/0001-56;2019-03-31;1;SAO MARTINHO S.A.;20516;DF Consolidado - Demonstração do Resultado;REAL;MILHAR;PENÚLTIMO;2017-04-01;2018-03-31;3.06;Resultado Financeiro;-177135.00
51.466.860/0001-56;2019-03-31;1;SAO MARTINHO S.A.;20516;DF Consolidado - Demonstração do Resultado;REAL;MILHAR;ÚLTIMO;2018-04-01;2019-03-31;3.06;Resultado Financeiro;-318788.00
51.466.860/0001-56;2019-03-31;1;SAO MARTINHO S.A.;20516;DF Consolidado - Demonstração do Resultado;REAL;MILHAR;PENÚLTIMO;2017-04-01;2018-03-31;3.06.01;Receitas Financeiras;164089.00
51.466.860/0001-56;2019-03-31;1;SAO MARTINHO S.A.;20516;DF Consolidado - Demonstração do Resultado;REAL;MILHAR;ÚLTIMO;2018-04-01;2019-03-31;3.06.01;Receitas Financeiras;147541.00
51.466.860/0001-56;2019-03-31;1;SAO MARTINHO S.A.;20516;DF Consolidado - Demonstração do Resultado;REAL;MILHAR;PENÚLTIMO;2017-04-01;2018-03-31;3.06.02;Despesas Financeiras;-341224.00
51.466.860/0001-56;2019-03-31;1;SAO MARTINHO S.A.;20516;DF Consolidado - Demonstração do Resultado;REAL;MILHAR;ÚLTIMO;2018-04-01;2019-03-31;3.06.02;Despesas Financeiras;-466329.00
51.466.860/0001-56;2019-03-31;1;SAO MARTINHO S.A.;20516;DF Consolidado - Demonstração do Resultado;REAL;MILHAR;PENÚLTIMO;2017-04-01;2018-03-31;3.07;Resultado Antes dos Tributos sobre o Lucro;622546.00
51.466.860/0001-56;2019-03-31;1;SAO MARTINHO S.A.;20516;DF Consolidado - Demonstração do Resultado;REAL;MILHAR;ÚLTIMO;2018-04-01;2019-03-31;3.07;Resultado Antes dos Tributos sobre o Lucro;379234.00
51.466.860/0001-56;2019-03-31;1;SAO MARTINHO S.A.;20516;DF Consolidado - Demonstração do Resultado;REAL;MILHAR;PENÚLTIMO;2017-04-01;2018-03-31;3.08;Imposto de Renda e Contribuição Social sobre o Lucro;-130840.00
51.466.860/0001-56;2019-03-31;1;SAO MARTINHO S.A.;20516;DF Consolidado - Demonstração do Resultado;REAL;MILHAR;ÚLTIMO;2018-04-01;2019-03-31;3.08;Imposto de Renda e Contribuição Social sobre o Lucro;-65189.00
51.466.860/0001-56;2019-03-31;1;SAO MARTINHO S.A.;20516;DF Consolidado - Demonstração do Resultado;REAL;MILHAR;PENÚLTIMO;2017-04-01;2018-03-31;3.08.01;Corrente;-71218.00
51.466.860/0001-56;2019-03-31;1;SAO MARTINHO S.A.;20516;DF Consolidado - Demonstração do Resultado;REAL;MILHAR;ÚLTIMO;2018-04-01;2019-03-31;3.08.01;Corrente;-31606.00
51.466.860/0001-56;2019-03-31;1;SAO MARTINHO S.A.;20516;DF Consolidado - Demonstração do Resultado;REAL;MILHAR;PENÚLTIMO;2017-04-01;2018-03-31;3.08.02;Diferido;-59622.00
51.466.860/0001-56;2019-03-31;1;SAO MARTINHO S.A.;20516;DF Consolidado - Demonstração do Resultado;REAL;MILHAR;ÚLTIMO;2018-04-01;2019-03-31;3.08.02;Diferido;-33583.00
51.466.860/0001-56;2019-03-31;1;SAO MARTINHO S.A.;20516;DF Consolidado - Demonstração do Resultado;REAL;MILHAR;PENÚLTIMO;2017-04-01;2018-03-31;3.09;Resultado Líquido das Operações Continuadas;491706.00
51.466.860/0001-56;2019-03-31;1;SAO MARTINHO S.A.;20516;DF Consolidado - Demonstração do Resultado;REAL;MILHAR;ÚLTIMO;2018-04-01;2019-03-31;3.09;Resultado Líquido das Operações Continuadas;314045.00
51.466.860/0001-56;2019-03-31;1;SAO MARTINHO S.A.;20516;DF Consolidado - Demonstração do Resultado;REAL;MILHAR;PENÚLTIMO;2017-04-01;2018-03-31;3.10;Resultado Líquido de Operações Descontinuadas;0.00
51.466.860/0001-56;2019-03-31;1;SAO MARTINHO S.A.;20516;DF Consolidado - Demonstração do Resultado;REAL;MILHAR;ÚLTIMO;2018-04-01;2019-03-31;3.10;Resultado Líquido de Operações Descontinuadas;0.00
51.466.860/0001-56;2019-03-31;1;SAO MARTINHO S.A.;20516;DF Consolidado - Demonstração do Resultado;REAL;MILHAR;PENÚLTIMO;2017-04-01;2018-03-31;3.10.01;Lucro/Prejuízo Líquido das Operações Descontinuadas;0.00
51.466.860/0001-56;2019-03-31;1;SAO MARTINHO S.A.;20516;DF Consolidado - Demonstração do Resultado;REAL;MILHAR;ÚLTIMO;2018-04-01;2019-03-31;3.10.01;Lucro/Prejuízo Líquido das Operações Descontinuadas;0.00
51.466.860/0001-56;2019-03-31;1;SAO MARTINHO S.A.;20516;DF Consolidado - Demonstração do Resultado;REAL;MILHAR;PENÚLTIMO;2017-04-01;2018-03-31;3.10.02;Ganhos/Perdas Líquidas sobre Ativos de Operações Descontinuadas;0.00
51.466.860/0001-56;2019-03-31;1;SAO MARTINHO S.A.;20516;DF Consolidado - Demonstração do Resultado;REAL;MILHAR;ÚLTIMO;2018-04-01;2019-03-31;3.10.02;Ganhos/Perdas Líquidas sobre Ativos de Operações Descontinuadas;0.00
51.466.860/0001-56;2019-03-31;1;SAO MARTINHO S.A.;20516;DF Consolidado - Demonstração do Resultado;REAL;MILHAR;PENÚLTIMO;2017-04-01;2018-03-31;3.11;Lucro/Prejuízo Consolidado do Período;491706.00
51.466.860/0001-56;2019-03-31;1;SAO MARTINHO S.A.;20516;DF Consolidado - Demonstração do Resultado;REAL;MILHAR;ÚLTIMO;2018-04-01;2019-03-31;3.11;Lucro/Prejuízo Consolidado do Período;314045.00
51.466.860/0001-56;2019-03-31;1;SAO MARTINHO S.A.;20516;DF Consolidado - Demonstração do Resultado;REAL;MILHAR;PENÚLTIMO;2017-04-01;2018-03-31;3.11.01;Atribuído a Sócios da Empresa Controladora;491706.00
51.466.860/0001-56;2019-03-31;1;SAO MARTINHO S.A.;20516;DF Consolidado - Demonstração do Resultado;REAL;MILHAR;ÚLTIMO;2018-04-01;2019-03-31;3.11.01;Atribuído a Sócios da Empresa Controladora;314045.00
51.466.860/0001-56;2019-03-31;1;SAO MARTINHO S.A.;20516;DF Consolidado - Demonstração do Resultado;REAL;MILHAR;PENÚLTIMO;2017-04-01;2018-03-31;3.11.02;Atribuído a Sócios Não Controladores;0.00
51.466.860/0001-56;2019-03-31;1;SAO MARTINHO S.A.;20516;DF Consolidado - Demonstração do Resultado;REAL;MILHAR;ÚLTIMO;2018-04-01;2019-03-31;3.11.02;Atribuído a Sócios Não Controladores;0.00
64.904.295/0001-03;2019-02-28;1;CAMIL ALIMENTOS S.A.;24228;DF Consolidado - Demonstração do Resultado;REAL;MILHAR;PENÚLTIMO;2017-03-01;2018-02-28;3.01;Receita de Venda de Bens e/ou Serviços;4662940.00
64.904.295/0001-03;2019-02-28;1;CAMIL ALIMENTOS S.A.;24228;DF Consolidado - Demonstração do Resultado;REAL;MILHAR;ÚLTIMO;2018-03-01;2019-02-28;3.01;Receita de Venda de Bens e/ou Serviços;4748825.00
64.904.295/0001-03;2019-02-28;1;CAMIL ALIMENTOS S.A.;24228;DF Consolidado - Demonstração do Resultado;REAL;MILHAR;PENÚLTIMO;2017-03-01;2018-02-28;3.02;Custo dos Bens e/ou Serviços Vendidos;-3512469.00
64.904.295/0001-03;2019-02-28;1;CAMIL ALIMENTOS S.A.;24228;DF Consolidado - Demonstração do Resultado;REAL;MILHAR;ÚLTIMO;2018-03-01;2019-02-28;3.02;Custo dos Bens e/ou Serviços Vendidos;-3527068.00
64.904.295/0001-03;2019-02-28;1;CAMIL ALIMENTOS S.A.;24228;DF Consolidado - Demonstração do Resultado;REAL;MILHAR;PENÚLTIMO;2017-03-01;2018-02-28;3.03;Resultado Bruto;1150471.00
64.904.295/0001-03;2019-02-28;1;CAMIL ALIMENTOS S.A.;24228;DF Consolidado - Demonstração do Resultado;REAL;MILHAR;ÚLTIMO;2018-03-01;2019-02-28;3.03;Resultado Bruto;1221757.00
64.904.295/0001-03;2019-02-28;1;CAMIL ALIMENTOS S.A.;24228;DF Consolidado - Demonstração do Resultado;REAL;MILHAR;PENÚLTIMO;2017-03-01;2018-02-28;3.04;Despesas/Receitas Operacionais;-750897.00
64.904.295/0001-03;2019-02-28;1;CAMIL ALIMENTOS S.A.;24228;DF Consolidado - Demonstração do Resultado;REAL;MILHAR;ÚLTIMO;2018-03-01;2019-02-28;3.04;Despesas/Receitas Operacionais;-839776.00
64.904.295/0001-03;2019-02-28;1;CAMIL ALIMENTOS S.A.;24228;DF Consolidado - Demonstração do Resultado;REAL;MILHAR;PENÚLTIMO;2017-03-01;2018-02-28;3.04.01;Despesas com Vendas;-543576.00
64.904.295/0001-03;2019-02-28;1;CAMIL ALIMENTOS S.A.;24228;DF Consolidado - Demonstração do Resultado;REAL;MILHAR;ÚLTIMO;2018-03-01;2019-02-28;3.04.01;Despesas com Vendas;-631117.00
64.904.295/0001-03;2019-02-28;1;CAMIL ALIMENTOS S.A.;24228;DF Consolidado - Demonstração do Resultado;REAL;MILHAR;PENÚLTIMO;2017-03-01;2018-02-28;3.04.02;Despesas Gerais e Administrativas;-238629.00
64.904.295/0001-03;2019-02-28;1;CAMIL ALIMENTOS S.A.;24228;DF Consolidado - Demonstração do Resultado;REAL;MILHAR;ÚLTIMO;2018-03-01;2019-02-28;3.04.02;Despesas Gerais e Administrativas;-292867.00
64.904.295/0001-03;2019-02-28;1;CAMIL ALIMENTOS S.A.;24228;DF Consolidado - Demonstração do Resultado;REAL;MILHAR;PENÚLTIMO;2017-03-01;2018-02-28;3.04.03;Perdas pela Não Recuperabilidade de Ativos;0.00
64.904.295/0001-03;2019-02-28;1;CAMIL ALIMENTOS S.A.;24228;DF Consolidado - Demonstração do Resultado;REAL;MILHAR;ÚLTIMO;2018-03-01;2019-02-28;3.04.03;Perdas pela Não Recuperabilidade de Ativos;0.00
64.904.295/0001-03;2019-02-28;1;CAMIL ALIMENTOS S.A.;24228;DF Consolidado - Demonstração do Resultado;REAL;MILHAR;PENÚLTIMO;2017-03-01;2018-02-28;3.04.04;Outras Receitas Operacionais;33181.00
64.904.295/0001-03;2019-02-28;1;CAMIL ALIMENTOS S.A.;24228;DF Consolidado - Demonstração do Resultado;REAL;MILHAR;ÚLTIMO;2018-03-01;2019-02-28;3.04.04;Outras Receitas Operacionais;85204.00
64.904.295/0001-03;2019-02-28;1;CAMIL ALIMENTOS S.A.;24228;DF Consolidado - Demonstração do Resultado;REAL;MILHAR;PENÚLTIMO;2017-03-01;2018-02-28;3.04.05;Outras Despesas Operacionais;0.00
64.904.295/0001-03;2019-02-28;1;CAMIL ALIMENTOS S.A.;24228;DF Consolidado - Demonstração do Resultado;REAL;MILHAR;ÚLTIMO;2018-03-01;2019-02-28;3.04.05;Outras Despesas Operacionais;0.00
64.904.295/0001-03;2019-02-28;1;CAMIL ALIMENTOS S.A.;24228;DF Consolidado - Demonstração do Resultado;REAL;MILHAR;PENÚLTIMO;2017-03-01;2018-02-28;3.04.06;Resultado de Equivalência Patrimonial;-1873.00
64.904.295/0001-03;2019-02-28;1;CAMIL ALIMENTOS S.A.;24228;DF Consolidado - Demonstração do Resultado;REAL;MILHAR;ÚLTIMO;2018-03-01;2019-02-28;3.04.06;Resultado de Equivalência Patrimonial;-996.00
64.904.295/0001-03;2019-02-28;1;CAMIL ALIMENTOS S.A.;24228;DF Consolidado - Demonstração do Resultado;REAL;MILHAR;PENÚLTIMO;2017-03-01;2018-02-28;3.05;Resultado Antes do Resultado Financeiro e dos Tributos;399574.00
64.904.295/0001-03;2019-02-28;1;CAMIL ALIMENTOS S.A.;24228;DF Consolidado - Demonstração do Resultado;REAL;MILHAR;ÚLTIMO;2018-03-01;2019-02-28;3.05;Resultado Antes do Resultado Financeiro e dos Tributos;381981.00
64.904.295/0001-03;2019-02-28;1;CAMIL ALIMENTOS S.A.;24228;DF Consolidado - Demonstração do Resultado;REAL;MILHAR;PENÚLTIMO;2017-03-01;2018-02-28;3.06;Resultado Financeiro;-74403.00
64.904.295/0001-03;2019-02-28;1;CAMIL ALIMENTOS S.A.;24228;DF Consolidado - Demonstração do Resultado;REAL;MILHAR;ÚLTIMO;2018-03-01;2019-02-28;3.06;Resultado Financeiro;-15969.00
64.904.295/0001-03;2019-02-28;1;CAMIL ALIMENTOS S.A.;24228;DF Consolidado - Demonstração do Resultado;REAL;MILHAR;PENÚLTIMO;2017-03-01;2018-02-28;3.06.01;Receitas Financeiras;106694.00
64.904.295/0001-03;2019-02-28;1;CAMIL ALIMENTOS S.A.;24228;DF Consolidado - Demonstração do Resultado;REAL;MILHAR;ÚLTIMO;2018-03-01;2019-02-28;3.06.01;Receitas Financeiras;201909.00
64.904.295/0001-03;2019-02-28;1;CAMIL ALIMENTOS S.A.;24228;DF Consolidado - Demonstração do Resultado;REAL;MILHAR;PENÚLTIMO;2017-03-01;2018-02-28;3.06.02;Despesas Financeiras;-181097.00
64.904.295/0001-03;2019-02-28;1;CAMIL ALIMENTOS S.A.;24228;DF Consolidado - Demonstração do Resultado;REAL;MILHAR;ÚLTIMO;2018-03-01;2019-02-28;3.06.02;Despesas Financeiras;-217878.00
64.904.295/0001-03;2019-02-28;1;CAMIL ALIMENTOS S.A.;24228;DF Consolidado - Demonstração do Resultado;REAL;MILHAR;PENÚLTIMO;2017-03-01;2018-02-28;3.07;Resultado Antes dos Tributos sobre o Lucro;325171.00
64.904.295/0001-03;2019-02-28;1;CAMIL ALIMENTOS S.A.;24228;DF Consolidado - Demonstração do Resultado;REAL;MILHAR;ÚLTIMO;2018-03-01;2019-02-28;3.07;Resultado Antes dos Tributos sobre o Lucro;366012.00
64.904.295/0001-03;2019-02-28;1;CAMIL ALIMENTOS S.A.;24228;DF Consolidado - Demonstração do Resultado;REAL;MILHAR;PENÚLTIMO;2017-03-01;2018-02-28;3.08;Imposto de Renda e Contribuição Social sobre o Lucro;-74506.00
64.904.295/0001-03;2019-02-28;1;CAMIL ALIMENTOS S.A.;24228;DF Consolidado - Demonstração do Resultado;REAL;MILHAR;ÚLTIMO;2018-03-01;2019-02-28;3.08;Imposto de Renda e Contribuição Social sobre o Lucro;-3625.00
64.904.295/0001-03;2019-02-28;1;CAMIL ALIMENTOS S.A.;24228;DF Consolidado - Demonstração do Resultado;REAL;MILHAR;PENÚLTIMO;2017-03-01;2018-02-28;3.08.01;Corrente;-38373.00
64.904.295/0001-03;2019-02-28;1;CAMIL ALIMENTOS S.A.;24228;DF Consolidado - Demonstração do Resultado;REAL;MILHAR;ÚLTIMO;2018-03-01;2019-02-28;3.08.01;Corrente;-33287.00
64.904.295/0001-03;2019-02-28;1;CAMIL ALIMENTOS S.A.;24228;DF Consolidado - Demonstração do Resultado;REAL;MILHAR;PENÚLTIMO;2017-03-01;2018-02-28;3.08.02;Diferido;-36133.00
64.904.295/0001-03;2019-02-28;1;CAMIL ALIMENTOS S.A.;24228;DF Consolidado - Demonstração do Resultado;REAL;MILHAR;ÚLTIMO;2018-03-01;2019-02-28;3.08.02;Diferido;29662.00
64.904.295/0001-03;2019-02-28;1;CAMIL ALIMENTOS S.A.;24228;DF Consolidado - Demonstração do Resultado;REAL;MILHAR;PENÚLTIMO;2017-03-01;2018-02-28;3.09;Resultado Líquido das Operações Continuadas;250665.00
64.904.295/0001-03;2019-02-28;1;CAMIL ALIMENTOS S.A.;24228;DF Consolidado - Demonstração do Resultado;REAL;MILHAR;ÚLTIMO;2018-03-01;2019-02-28;3.09;Resultado Líquido das Operações Continuadas;362387.00
64.904.295/0001-03;2019-02-28;1;CAMIL ALIMENTOS S.A.;24228;DF Consolidado - Demonstração do Resultado;REAL;MILHAR;PENÚLTIMO;2017-03-01;2018-02-28;3.10;Resultado Líquido de Operações Descontinuadas;0.00
64.904.295/0001-03;2019-02-28;1;CAMIL ALIMENTOS S.A.;24228;DF Consolidado - Demonstração do Resultado;REAL;MILHAR;ÚLTIMO;2018-03-01;2019-02-28;3.10;Resultado Líquido de Operações Descontinuadas;0.00
64.904.295/0001-03;2019-02-28;1;CAMIL ALIMENTOS S.A.;24228;DF Consolidado - Demonstração do Resultado;REAL;MILHAR;PENÚLTIMO;2017-03-01;2018-02-28;3.10.01;Lucro/Prejuízo Líquido das Operações Descontinuadas;0.00
64.904.295/0001-03;2019-02-28;1;CAMIL ALIMENTOS S.A.;24228;DF Consolidado - Demonstração do Resultado;REAL;MILHAR;ÚLTIMO;2018-03-01;2019-02-28;3.10.01;Lucro/Prejuízo Líquido das Operações Descontinuadas;0.00
64.904.295/0001-03;2019-02-28;1;CAMIL ALIMENTOS S.A.;24228;DF Consolidado - Demonstração do Resultado;REAL;MILHAR;PENÚLTIMO;2017-03-01;2018-02-28;3.10.02;Ganhos/Perdas Líquidas sobre Ativos de Operações Descontinuadas;0.00
64.904.295/0001-03;2019-02-28;1;CAMIL ALIMENTOS S.A.;24228;DF Consolidado - Demonstração do Resultado;REAL;MILHAR;ÚLTIMO;2018-03-01;2019-02-28;3.10.02;Ganhos/Perdas Líquidas sobre Ativos de Operações Descontinuadas;0.00
64.904.295/0001-03;2019-02-28;1;CAMIL ALIMENTOS S.A.;24228;DF Consolidado - Demonstração do Resultado;REAL;MILHAR;PENÚLTIMO;2017-03-01;2018-02-28;3.11;Lucro/Prejuízo Consolidado do Período;250665.00
64.904.295/0001-03;2019-02-28;1;CAMIL ALIMENTOS S.A.;24228;DF Consolidado - Demonstração do Resultado;REAL;MILHAR;ÚLTIMO;2018-03-01;2019-02-28;3.11;Lucro/Prejuízo Consolidado do Período;362387.00
64.904.295/0001-03;2019-02-28;1;CAMIL ALIMENTOS S.A.;24228;DF Consolidado - Demonstração do Resultado;REAL;MILHAR;PENÚLTIMO;2017-03-01;2018-02-28;3.11.01;Atribuído a Sócios da Empresa Controladora;250665.00
64.904.295/0001-03;2019-02-28;1;CAMIL ALIMENTOS S.A.;24228;DF Consolidado - Demonstração do Resultado;REAL;MILHAR;ÚLTIMO;2018-03-01;2019-02-28;3.11.01;Atribuído a Sócios da Empresa Controladora;362387.00
64.904.295/0001-03;2019-02-28;1;CAMIL ALIMENTOS S.A.;24228;DF Consolidado - Demonstração do Resultado;REAL;MILHAR;PENÚLTIMO;2017-03-01;2018-02-28;3.11.02;Atribuído a Sócios Não Controladores;0.00
64.904.295/0001-03;2019-02-28;1;CAMIL ALIMENTOS S.A.;24228;DF Consolidado - Demonstração do Resultado;REAL;MILHAR;ÚLTIMO;2018-03-01;2019-02-28;3.11.02;Atribuído a Sócios Não Controladores;0.00
88.613.658/0001-10;2019-06-30;1;PETTENATI S.A. INDUSTRIA TEXTIL;9539;DF Consolidado - Demonstração do Resultado;REAL;UNIDADE;PENÚLTIMO;2017-07-01;2018-06-30;3.01;Receita de Venda de Bens e/ou Serviços;463089965.00
88.613.658/0001-10;2019-06-30;1;PETTENATI S.A. INDUSTRIA TEXTIL;9539;DF Consolidado - Demonstração do Resultado;REAL;UNIDADE;ÚLTIMO;2018-07-01;2019-06-30;3.01;Receita de Venda de Bens e/ou Serviços;547811695.00
88.613.658/0001-10;2019-06-30;1;PETTENATI S.A. INDUSTRIA TEXTIL;9539;DF Consolidado - Demonstração do Resultado;REAL;UNIDADE;PENÚLTIMO;2017-07-01;2018-06-30;3.02;Custo dos Bens e/ou Serviços Vendidos;-388112256.00
88.613.658/0001-10;2019-06-30;1;PETTENATI S.A. INDUSTRIA TEXTIL;9539;DF Consolidado - Demonstração do Resultado;REAL;UNIDADE;ÚLTIMO;2018-07-01;2019-06-30;3.02;Custo dos Bens e/ou Serviços Vendidos;-467706837.00
88.613.658/0001-10;2019-06-30;1;PETTENATI S.A. INDUSTRIA TEXTIL;9539;DF Consolidado - Demonstração do Resultado;REAL;UNIDADE;PENÚLTIMO;2017-07-01;2018-06-30;3.03;Resultado Bruto;74977709.00
88.613.658/0001-10;2019-06-30;1;PETTENATI S.A. INDUSTRIA TEXTIL;9539;DF Consolidado - Demonstração do Resultado;REAL;UNIDADE;ÚLTIMO;2018-07-01;2019-06-30;3.03;Resultado Bruto;80104858.00
88.613.658/0001-10;2019-06-30;1;PETTENATI S.A. INDUSTRIA TEXTIL;9539;DF Consolidado - Demonstração do Resultado;REAL;UNIDADE;PENÚLTIMO;2017-07-01;2018-06-30;3.04;Despesas/Receitas Operacionais;-33526669.00
88.613.658/0001-10;2019-06-30;1;PETTENATI S.A. INDUSTRIA TEXTIL;9539;DF Consolidado - Demonstração do Resultado;REAL;UNIDADE;ÚLTIMO;2018-07-01;2019-06-30;3.04;Despesas/Receitas Operacionais;-36163363.00
88.613.658/0001-10;2019-06-30;1;PETTENATI S.A. INDUSTRIA TEXTIL;9539;DF Consolidado - Demonstração do Resultado;REAL;UNIDADE;PENÚLTIMO;2017-07-01;2018-06-30;3.04.01;Despesas com Vendas;-21871620.00
88.613.658/0001-10;2019-06-30;1;PETTENATI S.A. INDUSTRIA TEXTIL;9539;DF Consolidado - Demonstração do Resultado;REAL;UNIDADE;ÚLTIMO;2018-07-01;2019-06-30;3.04.01;Despesas com Vendas;-20225890.00
88.613.658/0001-10;2019-06-30;1;PETTENATI S.A. INDUSTRIA TEXTIL;9539;DF Consolidado - Demonstração do Resultado;REAL;UNIDADE;PENÚLTIMO;2017-07-01;2018-06-30;3.04.02;Despesas Gerais e Administrativas;-24081627.00
88.613.658/0001-10;2019-06-30;1;PETTENATI S.A. INDUSTRIA TEXTIL;9539;DF Consolidado - Demonstração do Resultado;REAL;UNIDADE;ÚLTIMO;2018-07-01;2019-06-30;3.04.02;Despesas Gerais e Administrativas;-27061837.00
88.613.658/0001-10;2019-06-30;1;PETTENATI S.A. INDUSTRIA TEXTIL;9539;DF Consolidado - Demonstração do Resultado;REAL;UNIDADE;PENÚLTIMO;2017-07-01;2018-06-30;3.04.03;Perdas pela Não Recuperabilidade de Ativos;0.00
88.613.658/0001-10;2019-06-30;1;PETTENATI S.A. INDUSTRIA TEXTIL;9539;DF Consolidado - Demonstração do Resultado;REAL;UNIDADE;ÚLTIMO;2018-07-01;2019-06-30;3.04.03;Perdas pela Não Recuperabilidade de Ativos;0.00
88.613.658/0001-10;2019-06-30;1;PETTENATI S.A. INDUSTRIA TEXTIL;9539;DF Consolidado - Demonstração do Resultado;REAL;UNIDADE;PENÚLTIMO;2017-07-01;2018-06-30;3.04.04;Outras Receitas Operacionais;12931317.00
88.613.658/0001-10;2019-06-30;1;PETTENATI S.A. INDUSTRIA TEXTIL;9539;DF Consolidado - Demonstração do Resultado;REAL;UNIDADE;ÚLTIMO;2018-07-01;2019-06-30;3.04.04;Outras Receitas Operacionais;19583634.00
88.613.658/0001-10;2019-06-30;1;PETTENATI S.A. INDUSTRIA TEXTIL;9539;DF Consolidado - Demonstração do Resultado;REAL;UNIDADE;PENÚLTIMO;2017-07-01;2018-06-30;3.04.05;Outras Despesas Operacionais;-504739.00
88.613.658/0001-10;2019-06-30;1;PETTENATI S.A. INDUSTRIA TEXTIL;9539;DF Consolidado - Demonstração do Resultado;REAL;UNIDADE;ÚLTIMO;2018-07-01;2019-06-30;3.04.05;Outras Despesas Operacionais;-8459270.00
88.613.658/0001-10;2019-06-30;1;PETTENATI S.A. INDUSTRIA TEXTIL;9539;DF Consolidado - Demonstração do Resultado;REAL;UNIDADE;PENÚLTIMO;2017-07-01;2018-06-30;3.04.06;Resultado de Equivalência Patrimonial;0.00
88.613.658/0001-10;2019-06-30;1;PETTENATI S.A. INDUSTRIA TEXTIL;9539;DF Consolidado - Demonstração do Resultado;REAL;UNIDADE;ÚLTIMO;2018-07-01;2019-06-30;3.04.06;Resultado de Equivalência Patrimonial;0.00
88.613.658/0001-10;2019-06-30;1;PETTENATI S.A. INDUSTRIA TEXTIL;9539;DF Consolidado - Demonstração do Resultado;REAL;UNIDADE;PENÚLTIMO;2017-07-01;2018-06-30;3.05;Resultado Antes do Resultado Financeiro e dos Tributos;41451040.00
88.613.658/0001-10;2019-06-30;1;PETTENATI S.A. INDUSTRIA TEXTIL;9539;DF Consolidado - Demonstração do Resultado;REAL;UNIDADE;ÚLTIMO;2018-07-01;2019-06-30;3.05;Resultado Antes do Resultado Financeiro e dos Tributos;43941495.00
88.613.658/0001-10;2019-06-30;1;PETTENATI S.A. INDUSTRIA TEXTIL;9539;DF Consolidado - Demonstração do Resultado;REAL;UNIDADE;PENÚLTIMO;2017-07-01;2018-06-30;3.06;Resultado Financeiro;-3982269.00
88.613.658/0001-10;2019-06-30;1;PETTENATI S.A. INDUSTRIA TEXTIL;9539;DF Consolidado - Demonstração do Resultado;REAL;UNIDADE;ÚLTIMO;2018-07-01;2019-06-30;3.06;Resultado Financeiro;-4560292.00
88.613.658/0001-10;2019-06-30;1;PETTENATI S.A. INDUSTRIA TEXTIL;9539;DF Consolidado - Demonstração do Resultado;REAL;UNIDADE;PENÚLTIMO;2017-07-01;2018-06-30;3.06.01;Receitas Financeiras;10974258.00
88.613.658/0001-10;2019-06-30;1;PETTENATI S.A. INDUSTRIA TEXTIL;9539;DF Consolidado - Demonstração do Resultado;REAL;UNIDADE;ÚLTIMO;2018-07-01;2019-06-30;3.06.01;Receitas Financeiras;10895105.00
88.613.658/0001-10;2019-06-30;1;PETTENATI S.A. INDUSTRIA TEXTIL;9539;DF Consolidado - Demonstração do Resultado;REAL;UNIDADE;PENÚLTIMO;2017-07-01;2018-06-30;3.06.02;Despesas Financeiras;-14956527.00
88.613.658/0001-10;2019-06-30;1;PETTENATI S.A. INDUSTRIA TEXTIL;9539;DF Consolidado - Demonstração do Resultado;REAL;UNIDADE;ÚLTIMO;2018-07-01;2019-06-30;3.06.02;Despesas Financeiras;-15455397.00
88.613.658/0001-10;2019-06-30;1;PETTENATI S.A. INDUSTRIA TEXTIL;9539;DF Consolidado - Demonstração do Resultado;REAL;UNIDADE;PENÚLTIMO;2017-07-01;2018-06-30;3.07;Resultado Antes dos Tributos sobre o Lucro;37468771.00
88.613.658/0001-10;2019-06-30;1;PETTENATI S.A. INDUSTRIA TEXTIL;9539;DF Consolidado - Demonstração do Resultado;REAL;UNIDADE;ÚLTIMO;2018-07-01;2019-06-30;3.07;Resultado Antes dos Tributos sobre o Lucro;39381203.00
88.613.658/0001-10;2019-06-30;1;PETTENATI S.A. INDUSTRIA TEXTIL;9539;DF Consolidado - Demonstração do Resultado;REAL;UNIDADE;PENÚLTIMO;2017-07-01;2018-06-30;3.08;Imposto de Renda e Contribuição Social sobre o Lucro;-7701682.00
88.613.658/0001-10;2019-06-30;1;PETTENATI S.A. INDUSTRIA TEXTIL;9539;DF Consolidado - Demonstração do Resultado;REAL;UNIDADE;ÚLTIMO;2018-07-01;2019-06-30;3.08;Imposto de Renda e Contribuição Social sobre o Lucro;-1196227.00
88.613.658/0001-10;2019-06-30;1;PETTENATI S.A. INDUSTRIA TEXTIL;9539;DF Consolidado - Demonstração do Resultado;REAL;UNIDADE;PENÚLTIMO;2017-07-01;2018-06-30;3.08.01;Corrente;-10602446.00
88.613.658/0001-10;2019-06-30;1;PETTENATI S.A. INDUSTRIA TEXTIL;9539;DF Consolidado - Demonstração do Resultado;REAL;UNIDADE;ÚLTIMO;2018-07-01;2019-06-30;3.08.01;Corrente;-3920980.00
88.613.658/0001-10;2019-06-30;1;PETTENATI S.A. INDUSTRIA TEXTIL;9539;DF Consolidado - Demonstração do Resultado;REAL;UNIDADE;PENÚLTIMO;2017-07-01;2018-06-30;3.08.02;Diferido;2900764.00
88.613.658/0001-10;2019-06-30;1;PETTENATI S.A. INDUSTRIA TEXTIL;9539;DF Consolidado - Demonstração do Resultado;REAL;UNIDADE;ÚLTIMO;2018-07-01;2019-06-30;3.08.02;Diferido;2724753.00
88.613.658/0001-10;2019-06-30;1;PETTENATI S.A. INDUSTRIA TEXTIL;9539;DF Consolidado - Demonstração do Resultado;REAL;UNIDADE;PENÚLTIMO;2017-07-01;2018-06-30;3.09;Resultado Líquido das Operações Continuadas;29767089.00
88.613.658/0001-10;2019-06-30;1;PETTENATI S.A. INDUSTRIA TEXTIL;9539;DF Consolidado - Demonstração do Resultado;REAL;UNIDADE;ÚLTIMO;2018-07-01;2019-06-30;3.09;Resultado Líquido das Operações Continuadas;38184976.00
88.613.658/0001-10;2019-06-30;1;PETTENATI S.A. INDUSTRIA TEXTIL;9539;DF Consolidado - Demonstração do Resultado;REAL;UNIDADE;PENÚLTIMO;2017-07-01;2018-06-30;3.10;Resultado Líquido de Operações Descontinuadas;0.00
88.613.658/0001-10;2019-06-30;1;PETTENATI S.A. INDUSTRIA TEXTIL;9539;DF Consolidado - Demonstração do Resultado;REAL;UNIDADE;ÚLTIMO;2018-07-01;2019-06-30;3.10;Resultado Líquido de Operações Descontinuadas;0.00
88.613.658/0001-10;2019-06-30;1;PETTENATI S.A. INDUSTRIA TEXTIL;9539;DF Consolidado - Demonstração do Resultado;REAL;UNIDADE;PENÚLTIMO;2017-07-01;2018-06-30;3.10.01;Lucro/Prejuízo Líquido das Operações Descontinuadas;0.00
88.613.658/0001-10;2019-06-30;1;PETTENATI S.A. INDUSTRIA TEXTIL;9539;DF Consolidado - Demonstração do Resultado;REAL;UNIDADE;ÚLTIMO;2018-07-01;2019-06-30;3.10.01;Lucro/Prejuízo Líquido das Operações Descontinuadas;0.00
88.613.658/0001-10;2019-06-30;1;PETTENATI S.A. INDUSTRIA TEXTIL;9539;DF Consolidado - Demonstração do Resultado;REAL;UNIDADE;PENÚLTIMO;2017-07-01;2018-06-30;3.10.02;Ganhos/Perdas Líquidas sobre Ativos de Operações Descontinuadas;0.00
88.613.658/0001-10;2019-06-30;1;PETTENATI S.A. INDUSTRIA TEXTIL;9539;DF Consolidado - Demonstração do Resultado;REAL;UNIDADE;ÚLTIMO;2018-07-01;2019-06-30;3.10.02;Ganhos/Perdas Líquidas sobre Ativos de Operações Descontinuadas;0.00
88.613.658/0001-10;2019-06-30;1;PETTENATI S.A. INDUSTRIA TEXTIL;9539;DF Consolidado - Demonstração do Resultado;REAL;UNIDADE;PENÚLTIMO;2017-07-01;2018-06-30;3.11;Lucro/Prejuízo Consolidado do Período;29767089.00
88.613.658/0001-10;2019-06-30;1;PETTENATI S.A. INDUSTRIA TEXTIL;9539;DF Consolidado - Demonstração do Resultado;REAL;UNIDADE;ÚLTIMO;2018-07-01;2019-06-30;3.11;Lucro/Prejuízo Consolidado do Período;38184976.00
88.613.658/0001-10;2019-06-30;1;PETTENATI S.A. INDUSTRIA TEXTIL;9539;DF Consolidado - Demonstração do Resultado;REAL;UNIDADE;PENÚLTIMO;2017-07-01;2018-06-30;3.11.01;Atribuído a Sócios da Empresa Controladora;18000348.00
88.613.658/0001-10;2019-06-30;1;PETTENATI S.A. INDUSTRIA TEXTIL;9539;DF Consolidado - Demonstração do Resultado;REAL;UNIDADE;ÚLTIMO;2018-07-01;2019-06-30;3.11.01;Atribuído a Sócios da Empresa Controladora;24309059.00
88.613.658/0001-10;2019-06-30;1;PETTENATI S.A. INDUSTRIA TEXTIL;9539;DF Consolidado - Demonstração do Resultado;REAL;UNIDADE;PENÚLTIMO;2017-07-01;2018-06-30;3.11.02;Atribuído a Sócios Não Controladores;11766741.00
88.613.658/0001-10;2019-06-30;1;PETTENATI S.A. INDUSTRIA TEXTIL;9539;DF Consolidado - Demonstração do Resultado;REAL;UNIDADE;ÚLTIMO;2018-07-01;2019-06-30;3.11.02;Atribuído a Sócios Não Controladores;13875917.00
